cycle_id,is_synthetic,timestamp,ff_Q_VFD1_Temperature_mean,ff_Q_VFD1_Temperature_std,ff_Q_VFD1_Temperature_max,ff_Q_VFD2_Temperature_mean,ff_Q_VFD2_Temperature_std,ff_Q_VFD2_Temperature_max,ff_Q_VFD3_Temperature_mean,ff_Q_VFD3_Temperature_std,ff_Q_VFD3_Temperature_max,ff_Q_VFD4_Temperature_mean,ff_Q_VFD4_Temperature_std,ff_Q_VFD4_Temperature_max,ff_M_Conv1_Speed_mmps_mean,ff_M_Conv1_Speed_mmps_std,ff_M_Conv1_Speed_mmps_max,ff_M_Conv2_Speed_mmps_mean,ff_M_Conv2_Speed_mmps_std,ff_M_Conv2_Speed_mmps_max,ff_M_Conv3_Speed_mmps_mean,ff_M_Conv3_Speed_mmps_std,ff_M_Conv3_Speed_mmps_max,ff_M_Conv4_Speed_mmps_mean,ff_M_Conv4_Speed_mmps_std,ff_M_Conv4_Speed_mmps_max,ff_I_R01_Gripper_Pot_mean,ff_I_R01_Gripper_Pot_std,ff_I_R01_Gripper_Pot_max,ff_I_R01_Gripper_Load_mean,ff_I_R01_Gripper_Load_std,ff_I_R01_Gripper_Load_max,ff_I_R02_Gripper_Pot_mean,ff_I_R02_Gripper_Pot_std,ff_I_R02_Gripper_Pot_max,ff_I_R02_Gripper_Load_mean,ff_I_R02_Gripper_Load_std,ff_I_R02_Gripper_Load_max,ff_I_R03_Gripper_Pot_mean,ff_I_R03_Gripper_Pot_std,ff_I_R03_Gripper_Pot_max,ff_I_R03_Gripper_Load_mean,ff_I_R03_Gripper_Load_std,ff_I_R03_Gripper_Load_max,ff_I_R04_Gripper_Pot_mean,ff_I_R04_Gripper_Pot_std,ff_I_R04_Gripper_Pot_max,tool_wear,vibration_level,peak_operation_force,global_tool_wear_mean,global_tool_wear_std,energy_efficiency,predicted_material_waste,process_stability,overall_efficiency,quality_score,hour,day_of_week,is_weekend,shift_type,max_vfd_temperature,vfd_temperature_range,vfd_temperature_anomaly,conv_speed_variance,conv_speed_imbalance,total_conveyor_power,gripper_load_asymmetry,gripper_health_score,gripper_overload_flag,total_heat_generation,heat_dissipation_efficiency,total_kinetic_energy,energy_efficiency_ratio,work_performance_index,operational_efficiency,temperature_stability,temperature_consistency,speed_stability,speed_consistency,load_stability,load_consistency,overall_process_stability,tool_wear_rate,cumulative_tool_wear,tool_wear_severity,vibration_severity,vibration_risk_score,material_waste_risk,waste_risk_category,maintenance_urgency,load_energy_ratio,wear_vibration_product,stability_wear_index,VFD_Conv_correlation,Temperature_Load_correlation,ff_Q_VFD1_Temperature_mean_rolling_mean_3,ff_Q_VFD1_Temperature_mean_rolling_std_3,ff_Q_VFD1_Temperature_mean_trend,ff_Q_VFD1_Temperature_std_rolling_mean_3,ff_Q_VFD1_Temperature_std_rolling_std_3,ff_Q_VFD1_Temperature_std_trend,ff_Q_VFD1_Temperature_max_rolling_mean_3,ff_Q_VFD1_Temperature_max_rolling_std_3,ff_Q_VFD1_Temperature_max_trend,ff_Q_VFD2_Temperature_mean_rolling_mean_3,ff_Q_VFD2_Temperature_mean_rolling_std_3,ff_Q_VFD2_Temperature_mean_trend,ff_Q_VFD2_Temperature_std_rolling_mean_3,ff_Q_VFD2_Temperature_std_rolling_std_3,ff_Q_VFD2_Temperature_std_trend,ff_Q_VFD2_Temperature_max_rolling_mean_3,ff_Q_VFD2_Temperature_max_rolling_std_3,ff_Q_VFD2_Temperature_max_trend,ff_Q_VFD3_Temperature_mean_rolling_mean_3,ff_Q_VFD3_Temperature_mean_rolling_std_3,ff_Q_VFD3_Temperature_mean_trend,ff_Q_VFD3_Temperature_std_rolling_mean_3,ff_Q_VFD3_Temperature_std_rolling_std_3,ff_Q_VFD3_Temperature_std_trend,ff_Q_VFD3_Temperature_max_rolling_mean_3,ff_Q_VFD3_Temperature_max_rolling_std_3,ff_Q_VFD3_Temperature_max_trend,vibration_level_anomaly,tool_wear_anomaly,pca_component_1,pca_component_2,pca_component_3,pca_component_4,pca_component_5,equipment_cluster,waste_prediction_score,waste_risk_level,optimization_potential,improvement_priority,is_selected_feature
0,False,2023-12-11 16:03:03.372569,91.94801886607024,0.9443089588644378,93.13021850585938,86.37606307207528,0.5010373065584979,87.13028717041016,91.49471004938675,0.9144302843532688,92.63031768798828,91.81254965572032,0.9187574415679732,92.963134765625,111.0,0.0,111.0,83.0,0.0,83.0,111.0,0.0,111.0,111.0,0.0,111.0,11226.64406779661,93.62048550605004,11548.0,427.0254237288136,47.12022482359095,491.0,11668.330508474575,34.21926659904988,11735.0,1310.5254237288136,15.907699508887928,1339.0,2402.983050847457,6.977354151442896,2424.0,1372.6864406779662,10.061094698847926,1398.0,12603.99152542373,1611.8783516259496,13449.0,61.0,0.3736084957147232,0.3137510148558524,108.66,39.25529897796965,0.975,0.2754510619643404,0.7245489380356596,0.7064352145847681,0.7796391504285277,16,0,0,afternoon,93.13021850585938,92.62918119930087,1,2728.969696969697,52.23954150803486,832.0,1387.938905301152,0.8398213323863097,1,730.7638337644796,0.001366561114199384,832.0,1.1385347227372686,49390.9582181748,67.5881261065597,0.02201646437042806,0.006678114127307788,0.018783031778158363,0.0863566268971675,0.0015767149478293355,0.9439878600312753,0.1917312872830188,0.0,61.0,2.0,low,22.790118238598115,0.2840271239286808,low,0.5,0.584354894719771,22.790118238598115,0.0031431358055718527,10206.230094133796,39264.141717308594,91.94801886607024,,0.0,0.9443089588644378,,0.0,93.13021850585938,,0.0,86.37606307207528,,0.0,0.5010373065584979,,0.0,87.13028717041016,,0.0,91.49471004938675,,0.0,0.9144302843532688,,0.0,92.63031768798828,,0.0,0,0,7.108750320910278,1.488557161202678,-0.6677694125609654,-0.20907297497225766,1.0666317924234876,1,2.5926226734312836,,0.2935647854152319,medium,True
1,False,2023-12-11 16:04:03.771580,91.3965935003562,0.5827623449751592,92.63021087646484,84.92127590492123,0.4304611027379206,85.63031005859375,90.96636037357518,0.5765565846402785,92.13031005859376,91.25124871926228,0.582303684732167,92.29296875,111.0,0.0,111.0,83.0,0.0,83.0,111.0,0.0,111.0,111.0,0.0,111.0,11218.081967213117,102.77831315799176,11607.0,440.327868852459,41.47117740975355,524.0,11671.22950819672,33.91744642004992,11756.0,1312.0081967213114,12.844586538027675,1345.0,2402.811475409836,8.360999551946813,2419.0,1375.1475409836066,10.422220485754384,1400.0,11657.393442622952,1939.9727294555007,13466.0,68.0,0.445571493411807,0.354434100330364,108.66,39.25529897796965,0.975,0.3106964366764759,0.689303563323524,0.6720709742404359,0.7514428506588193,16,0,0,afternoon,92.63021087646484,92.19974977372692,1,2728.969696969697,52.23954150803486,832.0,1389.5777795142455,0.8396321938825636,1,723.3913619588529,0.0013804692497931834,832.0,1.1501381445818075,49775.336700967026,68.80830937402038,0.02212955570645872,0.017032132134793265,0.018783031778158363,0.0863566268971675,0.0015753821304274429,0.9438928944647592,0.18294788323464212,7.0,129.0,2.0,low,30.298861552002876,0.32389287335295175,medium,0.5,0.6086993727038806,30.298861552002876,0.0026904100080034133,10145.02187853954,40244.46723638635,91.67230618321322,0.3899166154146687,-0.5514253657140387,0.7635356519197984,0.25565206239614324,-0.36154661388927856,92.88021469116211,0.35355878538988317,-0.5000076293945312,85.64866948849826,1.0286898710777976,-1.454787167154052,0.46574920464820924,0.04990491231193412,-0.07057620382057728,86.38029861450195,1.060643987389993,-1.4999771118164062,91.23053521148097,0.37359963860407436,-0.5283496758115689,0.7454934344967736,0.2389127842516427,-0.3378736997129903,92.38031387329102,0.35355878538986807,-0.500007629394517,0,0,6.447895843650783,-1.7185508339815998,0.2522228279600853,2.485170444134977,1.9653861793334273,1,3.3594433045414682,,0.32792902575956406,medium,True
2,False,2023-12-11 16:05:03.481582,89.55231801017386,0.5062420554700804,90.63018798828124,84.05649510367972,0.3785119824033453,85.13025665283203,89.21633235743788,0.4840187043930993,90.13027954101562,89.4078869428791,0.4888190253562418,90.271484375,111.0,0.0,111.0,95.85245901639344,14.010428306846356,111.0,111.0,0.0,111.0,111.0,0.0,111.0,10445.368852459016,2017.5058745224403,11556.0,435.4344262295082,51.36403663639981,504.0,10460.0,2902.304214252206,11753.0,1312.0409836065571,16.019305265000813,1344.0,2404.5,6.861378316103421,2424.0,1371.827868852459,11.945255721986443,1398.0,13039.83606557377,391.5528179786694,13516.0,76.0,0.4200991690406131,0.2927413192770867,108.66,39.25529897796965,0.975,0.3375123961300766,0.6624876038699234,0.6459254137731754,0.7299900830959387,16,0,0,afternoon,90.63018798828124,90.2516760058779,0,2735.197356807988,52.29911430232818,886.8628873232398,1386.0547442780135,0.8400387788467435,1,710.2528327389223,0.001405969795788592,886.8628873232398,1.2486580062688444,52921.34105149417,74.51056657233588,0.02251440288305233,0.051096740870004376,0.018762037851655606,0.08427164216922733,0.0015796408686950553,0.9441954941110261,0.17633592136833162,8.0,205.0,3.0,low,31.927536847086596,0.34252479226015325,medium,0.0,0.6130696078145701,31.927536847086596,0.0023202094611595022,9940.3072991293,38994.162210282506,90.96564345886678,1.254645010124563,-1.8442754901823406,0.6777711197698925,0.2339778908965066,-0.07652028950507883,92.13020579020183,1.3228915155530219,-2.000022888183608,85.11794469355874,1.1722234639008826,-0.8647808012415084,0.43667013056658793,0.06149819334552988,-0.05194912033457527,85.96361796061198,1.0408415518088252,-0.5000534057617188,90.55913426013326,1.1925292689885354,-1.750028016137307,0.6583351911288822,0.22655978769491678,-0.09253788024717918,91.63030242919922,1.322895841012877,-2.000030517578139,0,0,0.0487264075470797,-2.9180935976601554,4.856388709495702,4.0443165857232835,-1.9158245300766517,1,3.554763601612721,,0.35407458622682464,medium,True
3,False,2023-12-11 16:06:03.387647,87.99384572683287,0.4518500589671544,88.63021850585938,85.53106840779958,0.3629763639753443,86.1302490234375,87.6674326746917,0.4141586084065491,88.63025665283203,87.83351828835227,0.4204717185639681,88.568603515625,111.0,0.0,111.0,108.91735537190084,7.377428161696442,111.0,111.0,0.0,111.0,111.0,0.0,111.0,11229.413223140496,101.42794399814804,11635.0,430.58677685950414,61.36919278996148,625.0,8871.123966942148,3444.6310580627937,11743.0,1314.5123966942149,16.09819643235402,1357.0,7523.074380165289,4772.206165505442,12593.0,2124.5123966942147,1882.3162863685727,8458.0,13161.826446280991,77.05751939146394,13283.0,42.0,0.4442831375773529,0.3273222581972814,108.66,39.25529897796965,0.975,0.2130353921971691,0.786964607802831,0.7672904926077602,0.8295716862422647,16,0,0,afternoon,88.63025665283203,88.26728028885668,0,2878.768414254111,53.65415561029836,893.2947835335973,8441.901803567645,0.025740558279347736,1,702.6346495453432,0.0014211920925812204,893.2947835335973,1.2713503139081954,134568.2028180938,191.51945141568234,0.02275317744385767,0.07136190067375858,0.018296870362984295,0.036204877136741476,0.0003835698437165775,0.05128232089854945,0.20709955636334737,-34.0,247.0,2.0,low,18.65989177824882,0.24232078439433824,low,0.0,0.6128174528900735,18.65989177824882,0.0049309417007715635,9767.316875678449,37888.98641498942,89.64758574578764,1.7033731413407924,-1.5584722833409899,0.5136181531374647,0.06576710248718205,-0.05439199650292598,90.63020579020183,1.9999961853621482,-1.9999694824218608,84.83627980546684,0.7409519957443756,1.4745733041198577,0.3906498163722034,0.03534179892924196,-0.015535618428001052,85.6302719116211,0.4999961863941432,0.9999923706054688,89.28337513523492,1.6504853956204073,-1.5488996827461818,0.491577965813309,0.08146246065591822,-0.06986009598655019,90.2969487508138,1.7559690856951615,-1.5000228881835938,0,0,-7.836030864918321,1.9185586141579691,3.027933625873288,3.843006747217852,4.927670687057851,0,2.112917491582617,,0.23270950739223983,medium,True
4,False,2023-12-11 16:07:03.576348,88.38856188456218,1.1485985492925743,90.63023376464844,86.79274775187174,0.8100399601251317,87.63026428222656,88.04691556294759,1.1196163095020906,90.13027954101562,88.246337890625,1.1413918213444685,90.370361328125,111.0,0.0,111.0,83.0,0.0,83.0,111.0,0.0,111.0,111.0,0.0,111.0,11205.308333333332,92.25146450372064,11523.0,401.5416666666667,57.82150102161096,545.0,11658.566666666668,31.19920633911184,11730.0,1308.1,16.663954961472477,1354.0,3237.733333333333,2778.1058256861784,12472.0,1949.7916666666667,1947.4658901267776,8494.0,13212.433333333332,71.6932932101499,13585.0,65.0,0.4508580305077798,0.3307339293198691,108.66,39.25529897796965,0.975,0.3001072538134725,0.6998927461865275,0.6823954275318643,0.759914196949222,16,0,0,afternoon,90.63023376464844,89.8201938045233,0,2728.969696969697,52.23954150803486,832.0,8477.336045038528,0.0216511782893285,1,714.4553486462863,0.001397711264430549,832.0,1.1645234379054028,123832.2967897846,173.3240528622141,0.022620636002454945,0.060192776629122924,0.018783031778158363,0.0863566268971675,0.0003811041357078588,0.038961638013801814,0.18541937952571216,23.0,312.0,2.0,low,29.305771983005688,0.31583950762694496,medium,0.5,0.5620248583280433,29.305771983005688,0.002852605794970867,9811.130369186401,35491.69045339691,88.64490854052298,0.8102432785911725,0.3947161577293059,0.7022302212432697,0.38752178717465974,0.69674849032542,89.96354675292969,1.1546961337730892,2.0000152587890625,85.46010375445034,1.3695059785204275,1.2616793440721636,0.5171761021679404,0.2537464646712591,0.4470635961497874,86.2969233194987,1.2583102866476694,1.5000152587890625,88.31022686502571,0.8073240911519931,0.37948288825589316,0.6725978741005797,0.38870196737915236,0.7054577010955414,89.6302719116211,0.8660386182833663,1.5000228881835938,0,0,-1.353266491357312,10.814355270414032,0.3519125794792715,1.5825810352570298,-4.084814782048959,2,3.2569130013513465,,0.31760457246813567,medium,True
100,True,2023-12-11 16:04:03.771580,91.3488455098388,0.5827623449751592,92.58246288594744,84.94287560188312,0.4304611027379206,85.65190975555565,91.0152320334726,0.5765565846402785,92.17918171849117,91.2332053460977,0.582303684732167,92.27492537683536,111.0,0.0,111.0,83.0,0.0,83.0,111.0,0.0,111.0,111.0,0.0,111.0,11217.355554538675,102.77831315799176,11606.273587325564,438.2593390976157,41.47117740975355,521.9314702451567,11673.793127342708,33.91744642004992,11758.563619145987,1312.54296692888,12.844586538027675,1345.5347702075685,2401.844411941577,8.360999551946813,2418.032936531741,1375.5520221419624,10.422220485754384,1400.4044811583562,11693.6429578267,1939.9727294555007,13502.249515203746,61.0,0.3736084957147232,0.3137510148558524,108.66,39.25529897796965,0.975,0.2754510619643404,0.7245489380356596,0.7064352145847681,0.7796391504285277,16,0,0,afternoon,92.58246288594744,92.15200178320951,1,2728.969696969697,52.23954150803486,832.0,1389.9822606726018,0.8395855136916901,1,723.4007219452075,0.0013804514127411906,832.0,1.1501232630963492,49757.93744875258,68.78336704747998,0.02212958125040908,0.01703445274718174,0.018783031778158363,0.0863566268971675,0.001574318773625432,0.9438169553036598,0.1917589674594631,-4.0,373.0,2.0,low,22.790118238598115,0.2840271239286808,low,0.0,0.6058320446699509,22.790118238598115,0.0031435895789487466,10139.721851592107,40034.484660472146,89.24375104041128,1.8337167870758668,2.9602836252766167,0.7277369844116294,0.3703077763867359,-0.5658362043174151,90.61430505215174,1.9761703375204676,1.9522291212989984,85.75556392051816,0.9451483583273944,-1.8498721499886273,0.5344924756127988,0.2410048955047781,-0.3795788573872111,86.47080768707325,1.0322096738709812,-1.9783545266709126,88.90986009037063,1.8331516794091305,2.9683164705250107,0.7034438341829728,0.3694494858314653,-0.5430597248618121,90.31323930411294,1.781522659580947,2.04890217747554,0,0,6.531209083684275,-0.42290323430129056,-1.7507609567116604,7.919612214047473,1.2418825504403777,1,2.542622673431284,,0.2935647854152319,medium,True
101,True,2023-12-11 16:04:03.771580,91.42761669073369,0.5827623449751591,92.66123406684235,84.91270368768213,0.4304611027379206,85.62173784135466,90.93835721030868,0.5765565846402784,92.10230689532722,91.24923438479458,0.582303684732167,92.2909544155323,111.0,0.0,111.0,83.0,0.0,83.0,111.0,0.0,111.0,111.0,0.0,111.0,11202.767695135,102.77831315799176,11591.685727921884,436.50446436322807,41.47117740975355,520.176595510769,11670.687105485586,33.91744642004992,11755.457597288863,1313.7920407175116,12.844586538027674,1346.7838439962,2402.4062145215844,8.360999551946811,2418.594739111749,1373.627915043403,10.422220485754384,1398.480374059797,11659.922933424312,1939.9727294555007,13468.529490801366,68.0,0.445571493411807,0.354434100330364,108.66,39.25529897796965,0.975,0.3106964366764759,0.689303563323524,0.6720709742404359,0.7514428506588193,16,0,0,afternoon,92.66123406684235,92.23077296410443,1,2728.969696969697,52.23954150803486,832.0,1388.0581535740425,0.8398075702319427,1,723.3762289096611,0.001380498089377133,832.0,1.1501622055011462,49720.49886555127,68.73394066564866,0.022129894069988495,0.017062871069581154,0.018783031778158363,0.0863566268971675,0.0015744220443011797,0.9438243370839414,0.182947727803993,7.0,441.0,2.0,low,30.298861552002876,0.32389287335295175,medium,0.5,0.6034266075037342,30.298861552002876,0.002690407722258607,10148.465452671438,39908.56285159524,90.38834136171154,1.7323076206770511,0.07877118089488988,0.7713744130809643,0.3266856848798957,-1.1102230246251565e-16,91.95797690581274,1.150533620289553,0.0787711808949183,85.54944234714567,1.076839743493642,-0.030171914200991523,0.5569873885336576,0.2191499554911969,0.0,86.3013039597123,1.1510122676212273,-0.030171914200991523,90.0001682689096,1.6920031130645612,-0.07687482316391936,0.7575764929275491,0.3135356783350114,-1.1102230246251565e-16,91.47058938494467,1.1613786173806424,-0.07687482316394778,0,0,5.832104747208751,-0.028765564870446285,-0.12833573155333375,4.972599606211437,0.10289736519352224,1,3.3594433045414682,,0.32792902575956406,medium,True
102,True,2023-12-11 16:04:03.771580,91.35711657521834,0.5827623449751592,92.59073395132698,84.92682382260433,0.4304611027379206,85.63585797627687,90.97263045605943,0.5765565846402785,92.13658014107804,91.22588711150335,0.582303684732167,92.26760714224103,111.0,0.0,111.0,83.0,0.0,83.0,111.0,0.0,111.0,111.0,0.0,111.0,11233.541086999683,102.77831315799176,11622.459119786572,441.4849034636139,41.47117740975356,525.1570346111549,11667.881105664252,33.91744642004992,11752.65159746753,1313.7066114171494,12.844586538027674,1346.6984146958378,2402.988333353257,8.360999551946811,2419.176857943422,1375.2758893590965,10.422220485754384,1400.12834837549,11957.075751719833,1939.9727294555007,13765.68230909688,76.0,0.4200991690406131,0.2927413192770867,108.66,39.25529897796965,0.975,0.3375123961300766,0.6624876038699234,0.6459254137731754,0.7299900830959387,16,0,0,afternoon,92.59073395132698,92.16027284858906,1,2728.969696969697,52.23954150803486,832.0,1389.7061278897356,0.8396173815073951,1,723.2853208933939,0.0013806713613448863,832.0,1.150306766660239,49821.30928748231,68.88195816978786,0.02213301356564211,0.01734619750757216,0.018783031778158363,0.0863566268971675,0.0015745493242122896,0.9438334330433917,0.17624454963448405,8.0,517.0,3.0,low,31.927536847086596,0.34252479226015325,medium,0.0,0.6103883074910305,31.927536847086596,0.0023190072015194323,10140.639939849236,40332.78779192439,91.37785959193026,0.04328890494910685,-0.07050011551534396,0.5827623449751592,0.0,1.1102230246251565e-16,92.61147696803891,0.043288904949257294,-0.07050011551537239,84.92746770405653,0.01509625911034859,0.01412013492220865,0.4304611027379206,0.0,0.0,85.63650185772906,0.015096259109789286,0.01412013492220865,90.97540656661357,0.038512526553460005,0.034273245750753745,0.5765565846402785,0.0,1.1102230246251565e-16,92.13935625163215,0.038512526553431244,0.0342732457508248,0,0,5.223019639711837,-2.26648301204543,0.6759117498309163,-1.8273646807520796,1.3421823590442543,1,3.554763601612721,,0.35407458622682464,medium,True
103,True,2023-12-11 16:04:03.771580,91.37556061200868,0.5827623449751591,92.60917798811728,84.92195092793091,0.4304611027379206,85.63098508160341,90.88992677668554,0.5765565846402785,92.05387646170412,91.36450933982336,0.582303684732167,92.4062293705611,111.0,0.0,111.0,83.0,0.0,83.0,111.0,0.0,111.0,111.0,0.0,111.0,11217.288700069686,102.77831315799176,11606.206732856568,438.6004266157745,41.47117740975355,522.2725577633154,11665.33240575947,33.91744642004992,11750.102897562749,1312.7086550229465,12.844586538027674,1345.7004583016349,2401.22270767097,8.360999551946811,2417.4112322611345,1373.4208322064633,10.422220485754384,1398.2732912228566,11606.936911038429,1939.9727294555007,13415.54346841548,42.0,0.4442831375773529,0.3273222581972814,108.66,39.25529897796965,0.975,0.2130353921971691,0.786964607802831,0.7672904926077602,0.8295716862422647,16,0,0,afternoon,92.60917798811728,92.17871688537936,1,2728.969696969697,52.23954150803486,832.0,1387.8510707371022,0.8398314691606203,1,723.42430027552,0.0013804064822503475,832.0,1.150085777507118,49732.909435475456,68.74652862474746,0.022128476185964394,0.016934052641548125,0.018783031778158363,0.0863566268971675,0.0015756945101610012,0.9439151737004912,0.20736295256927867,-34.0,559.0,2.0,low,18.65989177824882,0.24232078439433824,low,0.0,0.6062837892540345,18.65989177824882,0.0049372130388587055,10142.687227932964,40077.35986668257,91.38676462598691,0.03656109980434074,0.01844403679034201,0.5827623449751592,0.0,-1.1102230246251565e-16,92.62038200209554,0.03656109980452107,0.01844403679029938,84.92049281273911,0.007172107604128851,-0.004872894673425776,0.4304611027379206,0.0,0.0,85.62952696641163,0.007172107602924881,-0.004872894673454198,90.93363814768456,0.0415533008265973,-0.08270367937389267,0.5765565846402785,0.0,0.0,92.09758783270313,0.041553300826549046,-0.08270367937392109,0,0,5.085396922728435,-2.21352274080916,0.18539138948350278,-2.004438020111442,3.4194858620024977,1,2.112917491582617,,0.23270950739223983,medium,True
104,True,2023-12-11 16:04:03.771580,91.4245949288553,0.5827623449751592,92.65821230496394,84.99408738581862,0.4304611027379206,85.70312153949114,91.02212732623124,0.5765565846402785,92.1860770112498,91.33240461003815,0.582303684732167,92.37412464077588,111.0,0.0,111.0,83.0,0.0,83.0,111.0,0.0,111.0,111.0,0.0,111.0,11238.911891495443,102.77831315799176,11627.82992428233,440.4506873909962,41.47117740975355,524.1228185385371,11667.726565721008,33.91744642004992,11752.497057524286,1312.582858431624,12.844586538027675,1345.5746617103125,2402.713089621888,8.360999551946813,2418.9016142120518,1374.1689209311166,10.422220485754384,1399.0213799475105,11486.552864348692,1939.9727294555007,13295.159421725744,65.0,0.4508580305077798,0.3307339293198691,108.66,39.25529897796965,0.975,0.3001072538134725,0.6998927461865275,0.6823954275318643,0.759914196949222,16,0,0,afternoon,92.65821230496394,92.22775120222602,1,2728.969696969697,52.23954150803486,832.0,1388.599159461756,0.839745134052703,1,723.8668334645096,0.001379563740308669,832.0,1.1493826770161164,49771.00506547391,68.75712865377055,0.022115442930623508,0.015748778095125093,0.018783031778158363,0.0863566268971675,0.0015757080148224663,0.9439161365675379,0.18559173222753295,23.0,624.0,2.0,low,29.305771983005688,0.31583950762694496,medium,1.0,0.6084692189507835,29.305771983005688,0.0028552573749580858,10148.130037102937,40268.0256808577,91.38575737202744,0.034875671873306306,0.04903431684661541,0.5827623449751593,0.0,1.1102230246251565e-16,92.61937474813607,0.03487567187347454,0.049034316846658044,84.94762071211795,0.040315010842399614,0.07213645788770862,0.4304611027379206,0.0,0.0,85.65665486579047,0.040315010842203874,0.07213645788772283,90.96156151965874,0.06679174604606351,0.1322005495457006,0.5765565846402785,0.0,0.0,92.12551120467731,0.06679174604601888,0.13220054954567217,0,0,5.574641767596465,-2.0711324981352535,-0.2492711685848899,-1.942950733296331,2.0630762898407875,1,3.306913001351347,,0.31760457246813567,medium,True
200,True,2023-12-11 16:05:03.481582,89.48441918414098,0.5062420554700804,90.56228916224838,84.00380466090566,0.3785119824033454,85.07756621005795,89.17356942065693,0.4840187043930994,90.08751660423466,89.35398737039058,0.4888190253562418,90.21758480251148,111.0,0.0,111.0,94.06599711357686,14.010428306846356,109.21353809718345,111.0,0.0,111.0,111.0,0.0,111.0,10779.099655349266,2017.5058745224403,11889.73080289025,427.5742130891368,51.3640366363998,496.1397868596287,10232.977832518674,2902.304214252206,11525.977832518674,1311.2695737261745,16.019305265000813,1343.2285901196171,2404.112384567892,6.861378316103421,2423.6123845678912,1372.7856952952905,11.945255721986443,1398.9578264428317,13052.286648565936,391.5528179786693,13528.450582992167,61.0,0.3736084957147232,0.3137510148558524,108.66,39.25529897796965,0.975,0.2754510619643404,0.7245489380356596,0.7064352145847681,0.7796391504285277,16,0,0,afternoon,90.56228916224838,90.18377717984504,0,2716.5034103430085,52.120086438368546,883.2899635176066,1387.0125707208451,0.8399282384167347,1,709.8183291827694,0.00140682922618175,883.2899635176066,1.244388776618618,52582.6137029004,74.07897410786931,0.022527981189223088,0.052266593007101125,0.018825270571805806,0.09053026802492414,0.001577542760765558,0.9440467219461451,0.1918699331393635,-4.0,685.0,2.0,low,22.790118238598115,0.2840271239286808,low,0.0,0.6023713320830159,22.790118238598115,0.003145408688425489,9932.770529439647,38261.230116397535,90.76152490833499,1.1062777066062583,-1.940175744714324,0.5572555818067997,0.04417900974422484,-0.07652028950507883,91.94322648510986,1.1961780838617178,-2.095923142715563,84.63994765821839,0.5520954192091003,-0.9902827249129587,0.4131447292930622,0.029992838609331083,-0.051949120334575216,85.47055761038416,0.34224639908535437,-0.6255553294331833,90.3618745078579,1.0312230512967906,-1.8485579055743102,0.5457106245578854,0.05342677007094581,-0.09253788024717907,91.44249002572953,1.1753016532121392,-2.0985604070151282,0,0,-0.29635637967084955,-3.3498378989671513,5.129771174541225,1.996455941687624,-0.38649498134531485,1,2.542622673431284,,0.2935647854152319,medium,True
201,True,2023-12-11 16:05:03.481582,89.62539378719887,0.5062420554700804,90.70326376530626,84.02150857619147,0.3785119824033454,85.09527012534376,89.27568928289762,0.4840187043930993,90.1896364664754,89.36478924185216,0.4888190253562418,90.22838667397306,111.0,0.0,111.0,94.65246204476269,14.010428306846356,109.80000302836925,111.0,0.0,111.0,111.0,0.0,111.0,10242.654535162876,2017.5058745224408,11353.285682703858,434.8574622557949,51.36403663639981,503.4230360262868,10231.346296874815,2902.304214252206,11524.346296874815,1310.9030629715614,16.019305265000813,1342.862079365004,2404.418985964405,6.861378316103421,2423.918985964405,1370.3333851120512,11.945255721986443,1396.5055162595925,13044.848284725773,391.5528179786694,13521.012219152002,68.0,0.445571493411807,0.354434100330364,108.66,39.25529897796965,0.975,0.3106964366764759,0.689303563323524,0.6720709742404359,0.7514428506588193,16,0,0,afternoon,90.70326376530626,90.32475178290292,0,2722.533683969652,52.17790417379422,884.4628933799783,1384.560260537606,0.840211253595736,1,710.3615296868614,0.0014057549618127312,884.4628933799783,1.2450883883376611,52725.561311663965,74.22355946088841,0.022510447740785925,0.05075558050242601,0.018804802775450383,0.08851136706640583,0.0015811758646396327,0.9443039621279623,0.1830499974261,7.0,753.0,2.0,low,30.298861552002876,0.32389287335295175,medium,0.0,0.6121635863858271,30.298861552002876,0.0026919116872674755,9948.418710379075,38974.27129597759,90.17813596673172,1.0817640305863643,0.14097460305789866,0.53174881863844,0.044179009744224895,0.0,91.30792174417286,1.1715083903233316,0.14097460305788445,84.33980020763858,0.5666984566788749,0.01770391528580717,0.3958283558482038,0.029992838609331014,0.0,85.29198595829762,0.3561638762516305,0.01770391528580717,89.82379534326192,1.039041275706311,0.10211986224068426,0.5148646644754923,0.053426770070945734,-1.1102230246251565e-16,90.82107669398663,1.1832271616906138,0.1021198622407411,0,0,-0.4017220293846747,-3.065329219040757,3.3352247608719687,1.5181776226288761,-2.7584701489165795,1,3.3094433045414684,,0.32792902575956406,medium,True
202,True,2023-12-11 16:05:03.481582,89.5274739200802,0.5062420554700804,90.60534389818764,84.03113901535067,0.3785119824033453,85.10490056450298,89.20808875209505,0.4840187043930993,90.1220359356728,89.42133810577148,0.4888190253562418,90.28493553789238,111.0,0.0,111.0,95.21582810460096,14.010428306846356,110.36336908820752,111.0,0.0,111.0,111.0,0.0,111.0,10245.477377356578,2017.5058745224403,11356.10852489756,445.0184776694815,51.36403663639981,513.5840514399731,10335.222681275967,2902.304214252206,11628.222681275964,1312.57836636211,16.019305265000813,1344.5373827555532,2404.528592635503,6.861378316103421,2424.0285926355027,1372.9251995948594,11.945255721986443,1399.0973307424003,12995.06598371099,391.5528179786694,13471.229918137218,76.0,0.4200991690406131,0.2927413192770867,108.66,39.25529897796965,0.975,0.3375123961300766,0.6624876038699234,0.6459254137731754,0.7299900830959387,16,0,0,afternoon,90.60534389818764,90.2268319157843,0,2728.4245933425336,52.2343239005018,885.5896254996549,1387.1520750204138,0.8399121385633868,1,710.1628474971761,0.0014061476967186068,885.5896254996549,1.24702330933491,53029.34790283425,74.67209530187795,0.022517057653904878,0.051325632955274036,0.018784872742425754,0.08653912445921996,0.0015808914324418842,0.9442838870437152,0.176342606424674,8.0,829.0,3.0,low,31.927536847086596,0.34252479226015325,medium,0.0,0.6266428589037224,31.927536847086596,0.0023202974224260076,9937.549605128901,39841.3801535083,89.54576229714002,0.07224477993848351,-0.0979198671186765,0.5062420554700804,0.0,0.0,90.62363227524743,0.07224477993898377,-0.09791986711861966,84.0188174174826,0.013864468422854145,0.009630439159209914,0.3785119824033454,0.0,-5.551115123125783e-17,85.0925789666349,0.013864468421249646,0.009630439159224125,89.21911581854987,0.05194529537843573,-0.06760053080256512,0.4840187043930993,0.0,0.0,90.13306300212763,0.05194529537799117,-0.06760053080260775,0,0,-1.1630976407756908,-4.029395261980363,3.4091108349405355,-1.6714782558706216,-2.0692619229873426,1,3.554763601612721,,0.35407458622682464,medium,True
203,True,2023-12-11 16:05:03.481582,89.51653069663757,0.5062420554700804,90.59440067474496,84.06792402747645,0.3785119824033454,85.14168557662875,89.22885430437043,0.4840187043930994,90.14280148794816,89.4035752265944,0.4888190253562418,90.26717265871532,111.0,0.0,111.0,94.31987783466604,14.010428306846356,109.46741881827262,111.0,0.0,111.0,111.0,0.0,111.0,10294.916757120956,2017.5058745224403,11405.54790466194,436.9611767163788,51.36403663639981,505.5267504868706,9791.57715379186,2902.3042142522054,11084.577153791855,1312.722956051761,16.019305265000813,1344.6819724452043,2405.297535992293,6.861378316103421,2424.797535992293,1371.972292612947,11.945255721986443,1398.1444237604885,13046.49419718082,391.5528179786694,13522.65813160705,42.0,0.4442831375773529,0.3273222581972814,108.66,39.25529897796965,0.975,0.2130353921971691,0.786964607802831,0.7672904926077602,0.8295716862422647,16,0,0,afternoon,90.59440067474496,90.21588869234162,0,2719.1011228922785,52.1450009386545,883.797724959785,1386.199168038502,0.8400221112503252,1,710.2205364207389,0.001406033640469047,883.797724959785,1.2443989977668275,52776.948165505055,74.3106477280587,0.022515602883551925,0.051200213996976385,0.018816445241092467,0.08966056879063,0.001579504089398044,0.9441858134663315,0.20746904000421834,-34.0,871.0,2.0,low,18.65989177824882,0.24232078439433824,low,0.0,0.6152471713972986,18.65989177824882,0.004939738930106653,9936.334907326771,39115.2485887706,89.55646613463888,0.059943344086882275,-0.010943223442623662,0.5062420554700804,0.0,0.0,90.63433611274628,0.05994334408748224,-0.010943223442680505,84.04019053967288,0.024495838400287146,0.03678501212577601,0.3785119824033454,0.0,5.551115123125783e-17,85.11395208882516,0.02449583839937901,0.036785012125761796,89.23754411312103,0.034627915375882286,0.02076555227537824,0.4840187043930993,0.0,1.1102230246251565e-16,90.15149129669878,0.03462791537520217,0.02076555227536403,0,0,-1.2547905334323888,-3.6674575778573355,3.143603206286256,-1.9963471755761226,-0.4864949398085252,1,2.112917491582617,,0.23270950739223983,medium,True
204,True,2023-12-11 16:05:03.481582,89.63690087203129,0.5062420554700804,90.71477085013872,84.12804425883978,0.3785119824033454,85.2018058079921,89.25380815788196,0.4840187043930993,90.16775534145972,89.35185397611994,0.4888190253562418,90.21545140824084,111.0,0.0,111.0,95.3652957068208,14.010428306846354,110.51283669042732,111.0,0.0,111.0,111.0,0.0,111.0,10556.690783850096,2017.5058745224403,11667.32193139108,439.2098602381983,51.3640366363998,507.77543400869,10546.783609682583,2902.3042142522054,11839.783609682583,1312.7425836283544,16.019305265000813,1344.701600021797,2405.0148438756514,6.861378316103421,2424.5148438756514,1370.948650839861,11.945255721986443,1397.120781987402,13052.575431682675,391.5528179786693,13528.739366108906,65.0,0.4508580305077798,0.3307339293198691,108.66,39.25529897796965,0.975,0.3001072538134725,0.6998927461865275,0.6823954275318643,0.759914196949222,16,0,0,afternoon,90.71477085013872,90.33625886773538,0,2730.0036637355797,52.249436970512704,885.8885607040945,1385.1755262654156,0.8401402472682007,1,710.5279824403272,0.0014054261036513286,885.8885607040945,1.2468031961453279,52922.22393778906,74.48295517024302,0.022506206094826068,0.05038950563480726,0.018779541285173736,0.08601046076541952,0.0015807103272455336,0.9442710990780954,0.18568980097344323,23.0,936.0,2.0,low,29.305771983005688,0.31583950762694496,medium,0.5,0.6181457598778513,29.305771983005688,0.0028567661248719554,9949.695996795474,39369.4107041901,89.56030182958303,0.06656198999984177,0.12037017539371675,0.5062420554700804,0.0,0.0,90.63817180769043,0.06656199000040312,0.12037017539375938,84.07570243388896,0.048918649395482135,0.060120231363328,0.3785119824033454,0.0,0.0,85.14946398304129,0.04891864939504639,0.060120231363356424,89.23025040478247,0.02289165434471257,0.024953853511533453,0.4840187043930993,0.0,-1.1102230246251565e-16,90.14419758836023,0.02289165434364947,0.024953853511561874,0,0,-0.8436468886863074,-3.4089758100399576,3.385779533392434,-1.7592634921635615,-1.3974829357264358,1,3.2569130013513465,,0.31760457246813567,medium,True
300,True,2023-12-11 16:06:03.387647,87.98496923967805,0.4518500589671544,88.62134201870452,85.56975945016566,0.3629763639753442,86.16894006580361,87.6978066562864,0.4141586084065491,88.66063063442672,87.83779224879822,0.4204717185639681,88.57287747607096,111.0,0.0,111.0,108.34217797199112,7.377428161696442,110.42482260009034,111.0,0.0,111.0,111.0,0.0,111.0,11233.857766352365,101.42794399814804,11639.444543211868,435.8616246009064,61.36919278996148,630.2748477414021,8903.127902962997,3444.6310580627933,11775.003936020848,1313.0614696368775,16.09819643235402,1355.5490729426626,8145.522784680841,4772.206165505442,13215.44840451555,2057.163908952169,1882.3162863685727,8390.651512257953,13164.81175272162,77.05751939146393,13285.985306440632,61.0,0.3736084957147232,0.3137510148558524,108.66,39.25529897796965,0.975,0.2754510619643404,0.7245489380356596,0.7064352145847681,0.7796391504285277,16,0,0,afternoon,88.66063063442672,88.29765427045137,0,2871.389873654282,53.585351297292824,892.1444287337779,8374.553315825598,0.03351308413845766,1,702.7635745398471,0.001420931739261791,892.1444287337779,1.2694801776663691,133345.40879875844,189.74433712835145,0.022749194576369366,0.07102913313133996,0.018319933393001635,0.03867517013035371,0.0003869859089998265,0.06796411645883282,0.1915012629785076,-4.0,997.0,2.0,low,22.790118238598115,0.2840271239286808,low,0.0,0.6202108927829496,22.790118238598115,0.003139364915395782,9766.331585604265,38349.27163326685,89.04613360278232,0.9209639509355387,-1.6519316323532394,0.48811138996910514,0.03140323382272488,-0.05439199650292598,89.97683784786273,1.1754356434658828,-2.0934288314341956,84.58857591216064,0.850261408035115,1.4417151913258834,0.373333442927345,0.008969493481432651,-0.015535618428001163,85.50414381680815,0.5765146572842659,0.9671342578115087,88.72682303951292,0.891241668355268,-1.55600150159556,0.46073200573091594,0.04033374522344704,-0.06986009598655019,89.65706248794487,0.8630254936734923,-1.5071247070330003,0,0,-8.188003222647545,1.409959679789353,2.5412069038158385,2.1906614919166083,3.722502517190092,0,2.542622673431284,,0.2935647854152319,medium,True
301,True,2023-12-11 16:06:03.387647,88.00691009272683,0.4518500589671544,88.6432828717533,85.54332256611909,0.3629763639753442,86.14250318175698,87.68546220617367,0.4141586084065491,88.64828618431403,87.85244670569722,0.4204717185639681,88.58753193296994,111.0,0.0,111.0,110.00066622990742,7.377428161696442,112.0833108580066,111.0,0.0,111.0,111.0,0.0,111.0,11235.225575199587,101.42794399814808,11640.812352059093,435.9000650218522,61.36919278996148,630.3132881623482,8723.103248905722,3444.6310580627937,11594.979281963571,1315.556579413781,16.098196432354015,1358.044182719566,8077.859525853234,4772.206165505441,13147.785145687943,2084.9590779414343,1882.3162863685727,8418.446681247218,13172.421467165204,77.05751939146394,13293.595020884211,68.0,0.445571493411807,0.354434100330364,108.66,39.25529897796965,0.975,0.3106964366764759,0.689303563323524,0.6720709742404359,0.7514428506588193,16,0,0,afternoon,88.64828618431403,88.28530982033868,0,2892.9376575057363,53.786035896929015,895.4614052496105,8402.348484814864,0.030305311002483903,1,702.7592024914239,0.0014209405666879163,895.4614052496105,1.274208008661872,134344.1141503182,191.1666378510227,0.022749194136809505,0.07102909639650701,0.01825282635672595,0.031461095916633264,0.00038562431552134033,0.06136812445377571,0.18267280203314523,7.0,1065.0,2.0,low,30.298861552002876,0.32389287335295175,medium,0.0,0.6202694505546545,30.298861552002876,0.0026863646962761844,9768.767020292678,38362.217831791924,88.54292673481206,0.9474729072308011,0.021940853048775466,0.46998072446812983,0.0314032338227249,0.0,89.32646524686551,1.202357969291162,0.021940853048775466,85.08037542504151,0.8248489042236078,-0.02643688404657496,0.36815490345134455,0.008969493481432602,0.0,85.83774968518424,0.5509021586571553,-0.026436884046631803,88.21235900678067,0.9019425409133667,-0.012344450112735217,0.4374453070687325,0.04033374522344695,0.0,89.15889072006682,0.873724192514822,-0.012344450112692584,0,0,-7.986349903218817,1.790814745397804,1.332390011770029,2.408180449223059,3.0179908282876786,0,3.3094433045414684,,0.32792902575956406,medium,True
302,True,2023-12-11 16:06:03.387647,88.0357669929749,0.4518500589671544,88.6721397720014,85.49840650459804,0.3629763639753442,86.09758712023597,87.64300742850263,0.4141586084065491,88.60583140664298,87.8255528849727,0.4204717185639681,88.56063811224541,111.0,0.0,111.0,108.90491905364796,7.377428161696442,110.98756368174716,111.0,0.0,111.0,111.0,0.0,111.0,11228.447845975725,101.42794399814808,11634.034622835225,420.4445149964811,61.369192789961474,614.8577381369771,8989.72948660613,3444.6310580627937,11861.60551966398,1314.5341832860518,16.098196432354015,1357.021786591837,7614.807423398935,4772.206165505442,12684.733043233646,2030.8933184895016,1882.3162863685727,8364.380921795286,13162.02215767836,77.05751939146393,13283.195711397371,76.0,0.4200991690406131,0.2927413192770867,108.66,39.25529897796965,0.975,0.3375123961300766,0.6624876038699234,0.6459254137731754,0.7299900830959387,16,0,0,afternoon,88.6721397720014,88.30916340802605,0,2878.6078172300904,53.652658994965854,893.2699108970916,8348.282725362931,0.03654490935905119,1,702.588386972087,0.0014212855392675382,893.2699108970916,1.271398625695163,132848.39257611267,189.08424171307337,0.022754494164239778,0.07147187358971663,0.018297371406798553,0.03625864409754709,0.0003880201974807767,0.07292819511944248,0.17598187240961063,8.0,1141.0,3.0,low,31.927536847086596,0.34252479226015325,medium,0.0,0.5984222372505035,31.927536847086596,0.0023155509222902593,9771.970136220214,37014.15535570455,88.00921544179327,0.025477223367630513,0.028856900248072748,0.4518500589671544,0.0,0.0,88.64558822081973,0.025477223372480217,0.02885690024810117,85.53716284029427,0.03607308382955518,-0.04491606152105021,0.3629763639753442,0.0,0.0,86.13634345593219,0.03607308382910894,-0.04491606152100758,87.6754254303209,0.028745286456257,-0.04245477767103978,0.4141586084065491,0.0,0.0,88.63824940846125,0.028745286454837468,-0.04245477767105399,0,0,-8.058032533637459,2.049415878431789,0.6858161070373694,-1.1621978113995162,2.3088250647696813,0,3.554763601612721,,0.35407458622682464,medium,True
303,True,2023-12-11 16:06:03.387647,88.03199809583448,0.4518500589671544,88.66837087486097,85.52929357797707,0.3629763639753442,86.128474193615,87.63058572054378,0.4141586084065491,88.59340969868408,87.85633099908031,0.4204717185639681,88.59141622635308,111.0,0.0,111.0,108.79075957570431,7.377428161696441,110.87340420380347,111.0,0.0,111.0,111.0,0.0,111.0,11222.817933386425,101.42794399814808,11628.404710245924,432.6011222638812,61.36919278996148,627.014345404377,8628.133371924236,3444.631058062793,11500.009404982084,1315.742147763916,16.098196432354015,1358.229751069701,8629.575351118068,4772.206165505442,13699.50097095278,2331.454651355143,1882.3162863685727,8664.942254660928,13160.400351057351,77.05751939146394,13281.57390477636,42.0,0.4442831375773529,0.3273222581972814,108.66,39.25529897796965,0.975,0.2130353921971691,0.786964607802831,0.7672904926077602,0.8295716862422647,16,0,0,afternoon,88.66837087486097,88.30539451088562,0,2877.13580275815,53.638939239680624,893.0415919412043,8648.844058228573,0.001857853862060721,1,702.6793361368618,0.0014211018409179283,893.0415919412043,1.2709091398360919,138006.08275470743,196.39980210180536,0.022751699516120202,0.0712384407465223,0.018301965849178977,0.036751466084135376,0.000373608957357088,0.0,0.2070979705313718,-34.0,1183.0,2.0,low,18.65989177824882,0.24232078439433824,low,0.0,0.6156451448061051,18.65989177824882,0.004930903942868283,9771.551788637627,38082.741171389855,88.02489172717874,0.015686157253139703,-0.0037688971404179483,0.4518500589671544,0.0,0.0,88.66126450620523,0.01568615726094243,-0.003768897140432159,85.52367421623141,0.02297925293529493,0.03088707337903429,0.3629763639753442,0.0,0.0,86.1228548318693,0.022979252934578958,0.03088707337903429,87.65301845174002,0.02877538198448999,-0.012421707958850448,0.4141586084065491,0.0,0.0,88.61584242988037,0.028775381983107907,-0.01242170795889308,0,0,-8.598626547642853,1.919493644119746,0.7884968788158174,-1.2262849919865706,5.076769146825322,0,2.112917491582617,,0.23270950739223983,medium,True
304,True,2023-12-11 16:06:03.387647,87.98401302469314,0.4518500589671544,88.62038580371963,85.49413140163534,0.3629763639753443,86.09331201727325,87.62569765960119,0.4141586084065491,88.58852163774154,87.81165140415776,0.4204717185639681,88.54673663143046,111.0,0.0,111.0,109.06342911664612,7.377428161696441,111.14607374474528,111.0,0.0,111.0,111.0,0.0,111.0,11216.815482530048,101.42794399814808,11622.402259389552,436.6554839507234,61.36919278996148,631.0687070912193,9603.173559960542,3444.6310580627937,12475.049593018392,1315.2049090815678,16.09819643235402,1357.6925123873534,6298.065065308351,4772.206165505441,11367.990685143062,2231.4757060637926,1882.3162863685727,8564.963309369577,13170.961774217256,77.05751939146394,13292.135327936265,65.0,0.4508580305077798,0.3307339293198691,108.66,39.25529897796965,0.975,0.3001072538134725,0.6998927461865275,0.6823954275318643,0.759914196949222,16,0,0,afternoon,88.62038580371963,88.25740943974428,0,2880.6582531421195,53.671764021151006,893.5869310230879,8548.865112937223,0.013396181799280482,1,702.4139063301652,0.001421638086766264,893.5869310230879,1.2721657724852862,136494.1154885339,194.32148774978012,0.022760156173366557,0.07194454727411448,0.01829097739764035,0.035572169936592624,0.0003784680815543253,0.025522490435559653,0.1853305869597722,23.0,1248.0,2.0,low,29.305771983005688,0.31583950762694496,medium,0.5,0.6216498269665898,29.305771983005688,0.002851239755515884,9766.225445740938,38418.701787224134,88.0172593711675,0.02885378331550964,-0.04798507114134054,0.4518500589671544,0.0,0.0,88.65363215019401,0.028853783319761975,-0.04798507114134054,85.50727716140348,0.019186220977401722,-0.03516217634172847,0.3629763639753442,0.0,5.551115123125783e-17,86.1064577770414,0.019186220976578204,-0.03516217634175689,87.63309693621586,0.008923938472114297,-0.004888060942590755,0.4141586084065491,0.0,0.0,88.5959209143562,0.008923938467569947,-0.0048880609425481225,0,0,-7.995400577018562,1.7870600942867136,1.1150551303851002,-1.233132356869724,3.354149050166871,2,3.2569130013513465,,0.31760457246813567,medium,True
400,True,2023-12-11 16:07:03.576348,88.44235316041106,1.1485985492925743,90.68402504049732,86.80369514094882,0.8100399601251316,87.64121167130367,87.87883436703741,1.1196163095020906,89.96219834510546,88.31350906757,1.1413918213444685,90.43753250506995,111.0,0.0,111.0,83.0,0.0,83.0,111.0,0.0,111.0,111.0,0.0,111.0,11197.944763299283,92.25146450372064,11515.636429965947,399.294605458194,57.82150102161096,542.7529387915272,11656.278857701973,31.19920633911184,11727.712191035303,1310.6775083045152,16.663954961472477,1356.5775083045153,3324.911153797705,2778.1058256861784,12559.177820464372,1918.94971962719,1947.465890126778,8463.158052960523,13217.873132635035,71.6932932101499,13590.4397993017,61.0,0.3736084957147232,0.3137510148558524,108.66,39.25529897796965,0.975,0.2754510619643404,0.7245489380356596,0.7064352145847681,0.7796391504285277,16,0,0,afternoon,90.68402504049732,89.87398508037218,0,2728.969696969697,52.23954150803486,832.0,8446.494097999052,0.02521057270108995,1,714.3830059382079,0.0013978526072037784,832.0,1.164641364533417,123362.19367954503,172.6835499744964,0.02262286332559744,0.06038210661058885,0.018783031778158363,0.0863566268971675,0.0003825494246733005,0.04621237104636955,0.19158434564102217,-4.0,1309.0,2.0,low,22.790118238598115,0.2840271239286808,low,0.0,0.558936315086134,22.790118238598115,0.0031407269262343483,9817.101200805628,35314.55451098059,88.15278809364622,0.2519158345177972,0.45834013571791843,0.6840995557422945,0.4022679284468465,0.69674849032542,89.32426057302598,1.1778349617036104,2.0636392367776892,85.94237337352041,0.7461336910673403,1.3095637393134751,0.5119975626919401,0.2581122875819618,0.4470635961497873,86.62099929406396,0.8837047389632087,1.5478996540304166,87.71170591572746,0.14475811795123428,0.2531367074362265,0.6493111754383962,0.4072961936294054,0.7054577010955414,89.04804322717702,0.7916853276465722,1.373676707363927,0,0,-1.9947163071498841,10.61509780697193,-0.3529138251073427,0.3940472569007732,-3.640808370392812,2,2.542622673431284,,0.2935647854152319,medium,True
401,True,2023-12-11 16:07:03.576348,88.42599241471868,1.1485985492925743,90.66766429480492,86.90689747738134,0.8100399601251317,87.74441400773615,87.95649894206099,1.1196163095020906,90.039862920129,88.1246515566748,1.1413918213444685,90.24867499417483,111.0,0.0,111.0,83.0,0.0,83.0,111.0,0.0,111.0,111.0,0.0,111.0,11198.679291228167,92.25146450372068,11516.370957894836,399.2123980076965,57.82150102161096,542.67073134103,11657.63931390196,31.19920633911184,11729.07264723529,1307.4857153265025,16.663954961472477,1353.3857153265026,3164.6341250099244,2778.1058256861784,12398.900791676591,1879.234287836376,1947.4658901267771,8423.442621169708,13201.279221318771,71.6932932101499,13573.84588798544,68.0,0.445571493411807,0.354434100330364,108.66,39.25529897796965,0.975,0.3106964366764759,0.689303563323524,0.6720709742404359,0.7514428506588193,16,0,0,afternoon,90.66766429480492,89.85762433467978,0,2728.969696969697,52.23954150803486,832.0,8406.778666208236,0.02979403449732443,1,714.3343032479451,0.0013979477783457922,832.0,1.1647207687665708,122699.83798312876,171.76808848947525,0.022624933650569546,0.06055804069054893,0.018783031778158363,0.0863566268971675,0.0003844307436338189,0.05552833484043451,0.18277398987397142,7.0,1377.0,2.0,low,30.298861552002876,0.32389287335295175,medium,0.0,0.5588593402748443,30.298861552002876,0.0026878527527370395,9815.285158033774,35300.752478090224,88.28411953327429,0.2600285674099896,-0.01636074569238133,0.9163490525174344,0.40226792844684645,0.0,89.99069171300728,1.1867479228005402,-0.01636074569239554,86.40157467332183,0.7875612033728514,0.10320233643251697,0.6610187614085358,0.2581122875819619,1.1102230246251565e-16,87.15964589877103,0.9249127746354332,0.10320233643248855,87.8203436562332,0.17298336497175068,0.07766457502357582,0.8844637424702434,0.40729619362940556,0.0,89.530194300992,0.8164364642078499,0.07766457502353319,0,0,-0.8698669936092481,9.676443129525342,-0.42794101475641916,1.805045990593743,-2.573199999799938,2,3.3094433045414684,,0.32792902575956406,medium,True
402,True,2023-12-11 16:07:03.576348,88.38730278655854,1.1485985492925743,90.62897466664478,86.7639822751128,0.8100399601251316,87.60149880546764,88.0185018565824,1.1196163095020906,90.10186583465044,88.11264131838932,1.1413918213444685,90.23666475588932,111.0,0.0,111.0,83.0,0.0,83.0,111.0,0.0,111.0,111.0,0.0,111.0,11215.06614021835,92.25146450372068,11532.757806885016,410.1371335886879,57.82150102161096,553.5954669220213,11658.527810029966,31.199206339111843,11729.961143363302,1306.223773523924,16.663954961472477,1352.123773523924,3223.3690917130084,2778.105825686179,12457.635758379674,1918.277662026416,1947.4658901267776,8462.48599535975,13221.880512341026,71.6932932101499,13594.447179007691,76.0,0.4200991690406131,0.2927413192770867,108.66,39.25529897796965,0.975,0.3375123961300766,0.6624876038699234,0.6459254137731754,0.7299900830959387,16,0,0,afternoon,90.62897466664478,89.81893470651964,0,2728.969696969697,52.23954150803486,832.0,8445.822040398278,0.025288133241139987,1,714.0710789395596,0.0013984623759123163,832.0,1.1651501137259643,123450.27375627233,172.88233233969007,0.022632805011396452,0.06122649673885128,0.018783031778158363,0.0863566268971675,0.00038275158884590825,0.047220045593769466,0.17607154806208103,8.0,1453.0,3.0,low,31.927536847086596,0.34252479226015325,medium,0.0,0.574364576735698,31.927536847086596,0.002316730865070397,9810.990609307997,36250.91501051457,88.41854945389609,0.028269845498513933,-0.03868962816014232,1.1485985492925743,0.0,0.0,90.66022133398235,0.028269845500546023,-0.03868962816014232,86.82485829781432,0.07377057791727305,-0.14291520226854004,0.8100399601251316,6.452392069879462e-09,-1.1102230246251565e-16,87.66237482816916,0.07377057791687508,-0.14291520226851162,87.95127838856028,0.06997994386253628,0.06200291452141471,1.1196163095020906,0.0,0.0,90.0346423666283,0.06997994386279859,0.06200291452144313,0,0,-0.6534141093371978,8.586771234558622,0.19093172853608242,-3.157127682900135,-0.8365224054612456,2,3.554763601612721,,0.35407458622682464,medium,True
403,True,2023-12-11 16:07:03.576348,88.60824620000531,1.1485985492925743,90.84991808009156,86.83138758680778,0.8100399601251317,87.66890411716261,87.91144375185355,1.1196163095020906,89.99480772992156,88.18273216971026,1.1413918213444685,90.30675560721023,111.0,0.0,111.0,83.0,0.0,83.0,111.0,0.0,111.0,111.0,0.0,111.0,11212.593401225287,92.25146450372068,11530.285067891951,414.5067936307053,57.82150102161096,557.9651269640385,11660.22927500076,31.19920633911184,11731.66260833409,1306.0349036802577,16.663954961472477,1351.9349036802575,3224.388208334556,2778.1058256861784,12458.654875001224,1756.709711872852,1947.4658901267776,8300.918045206186,13215.221518876391,71.6932932101499,13587.78818554306,42.0,0.4442831375773529,0.3273222581972814,108.66,39.25529897796965,0.975,0.2130353921971691,0.786964607802831,0.7672904926077602,0.8295716862422647,16,0,0,afternoon,90.84991808009156,90.03987811996642,0,2728.969696969697,52.23954150803486,832.0,8284.254090244714,0.04393429906719093,1,714.5738418830271,0.0013974798147574927,832.0,1.1643303323883283,121025.34566214759,169.36716459401518,0.022616777359613746,0.05986464554660231,0.018783031778158363,0.0863566268971675,0.00039064918350517033,0.08536901163112187,0.20718876653102705,-34.0,1495.0,2.0,low,18.65989177824882,0.24232078439433824,low,0.0,0.5800755201986291,18.65989177824882,0.004933065752332412,9835.51532820059,36728.72002160433,88.47384713376084,0.11798963338856619,0.2209434134467756,1.1485985492925743,0.0,0.0,90.71551901384709,0.11798963338899968,0.2209434134467756,86.83408911310063,0.07149589109240084,0.06740531169498354,0.8100399601251316,6.452392069879463e-09,1.1102230246251565e-16,87.67160564345546,0.07149589109199053,0.06740531169496933,87.96214818349898,0.05375216175714437,-0.10705810472884991,1.1196163095020906,0.0,0.0,90.045512161567,0.053752161757509576,-0.10705810472887833,0,0,-0.5942661656840862,8.400113115921247,0.06518783353747365,-3.30913418358346,1.0818048174971318,2,2.112917491582617,,0.23270950739223983,medium,True
404,True,2023-12-11 16:07:03.576348,88.35954272933526,1.1485985492925743,90.60121460942152,86.64957348663145,0.8100399601251317,87.48709001698629,88.24053055048581,1.1196163095020906,90.32389452855384,88.23347592324787,1.1413918213444685,90.35749936074788,111.0,0.0,111.0,83.0,0.0,83.0,111.0,0.0,111.0,111.0,0.0,111.0,11204.61783957924,92.25146450372068,11522.309506245909,396.4959804885973,57.82150102161096,539.9543138219306,11662.425066752285,31.19920633911184,11733.85840008562,1308.1933769305972,16.663954961472477,1354.093376930597,3403.009413622104,2778.105825686179,12637.27608028877,1738.5718582440927,1947.4658901267776,8282.780191577427,13217.086862132406,71.69329321014992,13589.653528799076,65.0,0.4508580305077798,0.3307339293198691,108.66,39.25529897796965,0.975,0.3001072538134725,0.6998927461865275,0.6823954275318643,0.759914196949222,16,0,0,afternoon,90.60121460942152,89.79117464929638,0,2728.969696969697,52.23954150803486,832.0,8266.116236615955,0.04602754482644611,1,714.472467845674,0.0013976778212179898,832.0,1.164495535208246,120501.64490272017,168.65820609911916,0.02261948165135014,0.060094630715591846,0.018783031778158363,0.0863566268971675,0.0003912105256977279,0.08799293373193073,0.18542161753543343,23.0,1560.0,2.0,low,29.305771983005688,0.31583950762694496,medium,0.5,0.554949277652629,29.305771983005688,0.0028526402258891265,9807.909242956213,35034.20352999189,88.45169723863303,0.136284034920266,-0.24870347067005127,1.1485985492925743,0.0,0.0,90.6933691187193,0.13628403492065203,-0.24870347067003706,86.74831444951734,0.09191410297063772,-0.18181410017632516,0.8100399601251317,6.452392069879463e-09,0.0,87.58583097987218,0.09191410297035453,-0.18181410017632516,88.05682538630725,0.1678572308730232,0.329086798632261,1.1196163095020906,0.0,0.0,90.14018936437527,0.16785723087313986,0.3290867986322752,0,0,-0.3508614994721783,8.823635521314069,-0.22750299131432888,-3.180893944926274,-0.9663621212725073,2,3.2569130013513465,,0.31760457246813567,medium,True
500,True,2023-12-11 16:08:03.606393,92.31678191421486,0.752155018172693,93.28048999192248,86.17207433981697,0.4825078211840308,87.06721889469348,91.76939586113564,0.7371699971655381,92.67263255793264,92.1481577605646,0.7295206150885549,93.08828621003538,111.0,0.0,111.0,83.0,0.0,83.0,111.0,0.0,111.0,111.0,0.0,111.0,11213.33200443342,106.11805795419846,11524.912649594711,417.7633572527409,52.40213675541212,528.8520669301603,11664.614637795275,35.47280589463273,11726.808186182378,1310.3313384258624,14.763746167273611,1341.6781126194105,2405.760086744017,8.630126575560867,2428.73589319563,1372.0435345504234,10.109247855842568,1392.277405518165,12098.534589986584,1934.621281208468,13296.986202889806,61.0,0.3736084957147232,0.3137510148558524,108.66,39.25529897796965,0.975,0.2754510619643404,0.7245489380356596,0.7064352145847681,0.7796391504285277,16,0,0,afternoon,93.28048999192248,92.79798217073845,1,2728.969696969697,52.23954150803486,832.0,1382.1681576623225,0.8404873203951422,1,731.2163909819268,0.0013657164908026252,832.0,1.1378300720870111,49613.55395495039,67.85071354934378,0.0219488768556852,0.0004130457936029064,0.018783031778158363,0.0863566268971675,0.001581905872210128,0.944355436123921,0.1917156881354283,-4.0,1621.0,2.0,low,22.790118238598115,0.2840271239286808,low,0.5,0.5713265755987956,22.790118238598115,0.003142880081845053,10247.16279247785,38566.56874325151,89.76152361451848,2.2164097292031095,3.9572391848795974,1.016450705585947,0.22888677941054902,-0.3964435311198813,91.5772075604785,1.4803180857605973,2.679275382500961,86.55101180441875,0.34052796260342344,-0.47749914681448047,0.700862580478098,0.18910076858589855,-0.3275321389411009,87.4077376762808,0.3085917565586758,-0.419871122292804,89.307123387825,2.1387294896447253,3.5288653106498202,0.9921342053899065,0.22080548137808864,-0.38244631233655246,90.99711160546934,1.4603432394016795,2.348738029378808,0,0,7.9841948733909875,2.438477791444739,-3.7365503619624647,4.4990481406693865,0.351620577734458,1,2.5926226734312836,,0.2935647854152319,medium,True
501,True,2023-12-11 16:08:03.606393,92.17976064964644,0.7521550181726928,93.14346872735403,86.29102605158342,0.4825078211840307,87.18617060645995,91.73118319059338,0.7371699971655381,92.63441988739044,91.95311882001076,0.7295206150885549,92.89324726948156,111.0,0.0,111.0,83.0,0.0,83.0,111.0,0.0,111.0,111.0,0.0,111.0,11190.819711034665,106.11805795419848,11502.400356195958,411.1778014745586,52.40213675541212,522.2665111519781,11667.30437913004,35.47280589463273,11729.49792751714,1310.12675070256,14.763746167273611,1341.4735248961083,2405.064111355445,8.630126575560867,2428.0399178070597,1369.0266372015365,10.10924785584257,1389.2605081692789,12187.9951896462,1934.621281208468,13386.446802549424,68.0,0.445571493411807,0.354434100330364,108.66,39.25529897796965,0.975,0.3106964366764759,0.689303563323524,0.6720709742404359,0.7514428506588193,16,0,0,afternoon,93.14346872735403,92.66096090617,1,2728.969696969697,52.23954150803486,832.0,1379.1512603134363,0.840835493211558,1,730.7137486541308,0.0013666546540082628,832.0,1.1386127610077286,49462.45288110764,67.69060101102481,0.021965909516097244,0.0019973921330738165,0.018783031778158363,0.0863566268971675,0.0015824263419494885,0.9443920917579496,0.18290873273993227,7.0,1689.0,2.0,low,30.298861552002876,0.32389287335295175,medium,0.5,0.5627070814928303,30.298861552002876,0.002689834265442618,10231.953432110755,37902.271324372654,90.95202843106551,2.2462035286217645,-0.13702126456841768,0.8843028618793202,0.22888677941054916,-2.220446049250313e-16,92.34172444289935,1.508881893012342,-0.1370212645684461,86.37089129267729,0.24856629166758468,0.11895171176644226,0.5916852008310644,0.18910076858589855,-1.1102230246251565e-16,87.24682650604659,0.21640770191890174,0.11895171176647068,90.58036986740495,2.026450363023499,-0.03821267054225075,0.8646521012777223,0.2208054813780885,0.0,91.87698232462564,1.3451491845806587,-0.038212670542208116,0,0,6.958210402879836,2.1191911076336614,-1.771140460608622,2.759826715127469,-0.8849845205167415,1,3.3594433045414682,,0.32792902575956406,medium,True
502,True,2023-12-11 16:08:03.606393,92.06454558524788,0.7521550181726929,93.02825366295552,86.3012605787659,0.4825078211840307,87.19640513364247,91.85573803444724,0.7371699971655381,92.75897473124422,92.00261022210108,0.7295206150885549,92.94273867157185,111.0,0.0,111.0,83.0,0.0,83.0,111.0,0.0,111.0,111.0,0.0,111.0,11200.633706315575,106.11805795419846,11512.214351476869,413.4476870379253,52.40213675541212,524.5363967153448,11665.827996262356,35.47280589463273,11728.021544649451,1308.8028082845544,14.763746167273617,1340.1495824781027,2403.413351913758,8.630126575560867,2426.3891583653717,1369.6043559209074,10.10924785584257,1389.8382268886496,11862.814513885703,1934.621281208468,13061.266126788933,76.0,0.4200991690406131,0.2927413192770867,108.66,39.25529897796965,0.975,0.3375123961300766,0.6624876038699234,0.6459254137731754,0.7299900830959387,16,0,0,afternoon,93.02825366295552,92.54574584177149,1,2728.969696969697,52.23954150803486,832.0,1379.728979032807,0.8407688200933316,1,730.851880071587,0.001366396708446228,832.0,1.1383975625541363,49485.92856020869,67.70992842989145,0.021961817678372825,0.001617115917048828,0.018783031778158363,0.0863566268971675,0.0015834023172607008,0.9444607302629439,0.17620396391092882,8.0,1765.0,3.0,low,31.927536847086596,0.34252479226015325,medium,0.5,0.5657065374610811,31.927536847086596,0.0023184731788481005,10219.164559962515,38063.873430418374,92.1870293830364,0.12627516492403804,-0.115215064398555,0.7521550181726929,0.0,1.1102230246251565e-16,93.150737460744,0.12627516492244442,-0.11521506439851237,86.25478699005544,0.07181380973577825,0.010234527182490183,0.48250782118403074,0.0,0.0,87.14993154493197,0.07181380973562851,0.010234527182518605,91.78543902872542,0.06380842187252529,0.12455484385385773,0.7371699971655381,0.0,0.0,92.68867572552243,0.06380842187227562,0.12455484385378668,0,0,6.821928403599243,0.5931876062056187,-2.0718641631391708,-2.704525641509789,0.4429569399535038,1,3.6047636016127207,,0.35407458622682464,medium,True
503,True,2023-12-11 16:08:03.606393,92.16834505606272,0.7521550181726928,93.13205313377036,86.24338341458186,0.4825078211840308,87.13852796945837,91.9095746052785,0.7371699971655381,92.81281130207554,92.17169877332763,0.7295206150885549,93.11182722279842,111.0,0.0,111.0,83.0,0.0,83.0,111.0,0.0,111.0,111.0,0.0,111.0,11207.652524739457,106.11805795419846,11519.233169900745,407.37116576496567,52.40213675541212,518.4598754423849,11667.808455805987,35.47280589463272,11730.002004193084,1312.8240523477682,14.763746167273611,1344.1708265413165,2402.405130237445,8.630126575560867,2425.3809366890587,1368.4620762517254,10.10924785584257,1388.695947219467,12049.864333230544,1934.621281208468,13248.315946133767,42.0,0.4442831375773529,0.3273222581972814,108.66,39.25529897796965,0.975,0.2130353921971691,0.786964607802831,0.7672904926077602,0.8295716862422647,16,0,0,afternoon,93.13205313377036,92.64954531258633,1,2728.969696969697,52.23954150803486,832.0,1378.5866993636243,0.8409006478234666,1,731.3895749289641,0.0013653935476853176,832.0,1.1375606480899692,49436.66249866668,67.59279066272637,0.021944442925120697,0.0,0.018783031778158363,0.0863566268971675,0.0015802226017099168,0.9442366385556138,0.20731807627695495,-34.0,1807.0,2.0,low,18.65989177824882,0.24232078439433824,low,0.5,0.5569824607461065,18.65989177824882,0.0049361445557335815,10230.686301222962,37546.72617211588,92.137550430319,0.06348117435270147,0.10379947081483465,0.7521550181726929,0.0,-1.1102230246251565e-16,93.10125850802665,0.06348117434958285,0.10379947081483465,86.27855668164374,0.030887787611258523,-0.05787716418404898,0.48250782118403074,0.0,1.1102230246251565e-16,87.17370123652024,0.03088778761084477,-0.05787716418410582,91.83216527677303,0.09150207859321696,0.05383657083125115,0.7371699971655381,0.0,0.0,92.73540197357006,0.09150207859306451,0.053836570831322206,0,0,6.766975001361542,0.6906021835799118,-2.008989835157156,-3.026350710488941,2.433422044309056,1,2.162917491582617,,0.23270950739223983,medium,True
504,True,2023-12-11 16:08:03.606393,92.2233397904759,0.752155018172693,93.18704786818353,86.18905025232884,0.4825078211840308,87.08419480720535,91.74749490853462,0.7371699971655379,92.65073160533164,92.07643678856928,0.7295206150885549,93.01656523804002,111.0,0.0,111.0,83.0,0.0,83.0,111.0,0.0,111.0,111.0,0.0,111.0,11186.379102140065,106.11805795419848,11497.95974730135,407.41153929443664,52.40213675541212,518.500248971856,11660.864717867686,35.47280589463273,11723.05826625478,1307.9547465469268,14.763746167273611,1339.301520740475,2403.484289209329,8.630126575560867,2426.460095660941,1371.2847156956964,10.10924785584257,1391.518586663438,12245.366598847497,1934.621281208468,13443.81821175072,65.0,0.4508580305077798,0.3307339293198691,108.66,39.25529897796965,0.975,0.3001072538134725,0.6998927461865275,0.6823954275318643,0.759914196949222,16,0,0,afternoon,93.18704786818353,92.7045400469995,1,2728.969696969697,52.23954150803486,832.0,1381.4093388075955,0.8405748938413841,1,730.8762147102799,0.0013663512762139146,832.0,1.1383596594280279,49405.75072769638,67.59797304346934,0.021959684473929302,0.0014187809611259095,0.018783031778158363,0.0863566268971675,0.001581323460554365,0.9443143751037519,0.18555419647479238,23.0,1872.0,2.0,low,29.305771983005688,0.31583950762694496,medium,1.0,0.5574289196132974,29.305771983005688,0.0028546799018478843,10236.790716742826,37572.85282291166,92.15207681059549,0.08063740919401213,0.05499473441318514,0.7521550181726929,0.0,2.220446049250313e-16,93.11578488830314,0.08063740919155417,0.05499473441317093,86.24456474855886,0.05611449012736929,-0.0543331622530161,0.48250782118403074,5.551115123125783e-17,0.0,87.1397093034354,0.056114490127184946,-0.0543331622530161,91.83760251608679,0.08254774251343731,-0.16207969674387357,0.737169997165538,6.969379981558661e-09,-2.220446049250313e-16,92.74083921288381,0.08254774251328519,-0.162079696743902,0,0,7.09288902141643,0.8496099113142143,-2.006810384118691,-3.1688572187241513,-0.061209001467397835,1,3.306913001351347,,0.31760457246813567,medium,True
600,True,2023-12-11 16:09:03.847097,91.25932637138196,0.5972292735835089,92.18966731026276,84.81745039189414,0.4189766172761178,85.67402021361146,90.8118391065131,0.5462229632862166,91.62743088737888,91.13069335939495,0.5736049430362923,92.15413286054762,111.0,0.0,111.0,83.0,0.0,83.0,111.0,0.0,111.0,111.0,0.0,111.0,11210.158031160852,81.32256621072791,11472.477703292,433.3640041456201,39.00698803852924,507.0771188997184,11664.044954327645,34.47200698657037,11748.184298589937,1312.9527045176192,14.11491393120028,1350.9281143536848,2403.47255445919,8.23911055215867,2420.898783967388,1373.7824030415932,10.328702200558013,1395.1020751727408,12076.634963651832,1676.851320633596,13706.95463578298,61.0,0.3736084957147232,0.3137510148558524,108.66,39.25529897796965,0.975,0.2754510619643404,0.7245489380356596,0.7064352145847681,0.7796391504285277,16,0,0,afternoon,92.18966731026276,91.77069069298665,1,2728.969696969697,52.23954150803486,832.0,1384.7733729721829,0.8401866588057982,1,721.8005942981671,0.001383507440210382,832.0,1.1526729202215618,49586.0985575801,68.69778008024042,0.022176644659413425,0.021296350353390947,0.018783031778158363,0.0863566268971675,0.0015723261587309212,0.9436742382754477,0.19177023515799055,-4.0,1933.0,2.0,low,22.790118238598115,0.2840271239286808,low,0.0,0.6003929713671164,22.790118238598115,0.0031437742953150205,10129.785227223398,39548.507091934065,91.88367040597353,0.5413965370695689,-0.9640134190939449,0.7005131033096316,0.0894464203429686,-0.15492574458918418,92.83625610407222,0.5606370540848782,-0.9973805579207635,85.74996135293493,0.8080349883984232,-1.3715998604346993,0.4613307532147264,0.036679757678174565,-0.063531203907913,86.63224766342505,0.8302938680445282,-1.4101745935938936,91.4896362067754,0.5925572874139498,-0.9356558020215147,0.673520985872431,0.11024332141118691,-0.19094703387932133,92.36365793159536,0.6427208978251382,-1.0233007179527647,0,0,5.282610089525015,-1.9758188738891884,0.048094191064523444,1.1642554672379342,1.3495000954170073,1,2.542622673431284,,0.2935647854152319,medium,True
601,True,2023-12-11 16:09:03.847097,91.1631235830286,0.5972292735835089,92.0934645219094,84.79075739683763,0.4189766172761178,85.64732721855495,90.78747954776382,0.5462229632862166,91.6030713286296,91.08174201557816,0.5736049430362923,92.10518151673082,111.0,0.0,111.0,83.0,0.0,83.0,111.0,0.0,111.0,111.0,0.0,111.0,11198.90340696064,81.32256621072791,11461.223079091786,433.9419296824954,39.00698803852923,507.65504443659376,11661.059464237229,34.472006986570385,11745.19880849952,1312.168372108614,14.114913931200276,1350.1437819446794,2405.0468617736806,8.23911055215867,2422.473091281877,1372.2716732369415,10.328702200558013,1393.5913453680892,12007.68386972586,1676.851320633596,13638.003541857011,68.0,0.445571493411807,0.354434100330364,108.66,39.25529897796965,0.975,0.3106964366764759,0.689303563323524,0.6720709742404359,0.7514428506588193,16,0,0,afternoon,92.10518151673082,91.68620489945471,1,2728.969696969697,52.23954150803486,832.0,1383.2626431675312,0.8403610084737189,1,721.4081809262151,0.0013842589638421293,832.0,1.153299922075317,49559.64193322673,68.69847497556611,0.022188827927875472,0.022395174763151338,0.018783031778158363,0.0863566268971675,0.0015739200328848913,0.9437884397001701,0.1829623357656107,7.0,2001.0,2.0,low,30.298861552002876,0.32389287335295175,medium,0.0,0.6015206654904263,30.298861552002876,0.002690622545220414,10119.106717716173,39559.501763503235,91.54859658162881,0.5863211940018315,-0.09620278835336649,0.6488711884465704,0.08944642034296874,0.0,92.49005990011857,0.6055228441949664,-0.09620278835336649,85.26575268035354,0.7997105312598325,-0.02669299505650713,0.44015368524542203,0.036679757678174565,0.0,86.13518074645725,0.8219786460848951,-0.02669299505650713,91.1156045209372,0.5473686540891531,-0.024359558749281973,0.6098719745793237,0.11024332141118673,0.0,91.96041127378004,0.5979590012207548,-0.024359558749281973,0,0,4.720285351594339,-1.3751767204245253,-0.46890237734615814,0.58313104492098,-0.16248418388410302,1,3.3094433045414684,,0.32792902575956406,medium,True
602,True,2023-12-11 16:09:03.847097,91.2760167024598,0.5972292735835089,92.2063576413406,84.84077406882778,0.4189766172761178,85.69734389054511,90.9136500299391,0.5462229632862166,91.72924181080488,91.05164629001324,0.5736049430362924,92.07508579116588,111.0,0.0,111.0,83.0,0.0,83.0,111.0,0.0,111.0,111.0,0.0,111.0,11204.055966553397,81.32256621072791,11466.375638684542,437.7328314083637,39.00698803852923,511.4459461624622,11661.778261009538,34.47200698657038,11745.917605271836,1314.769931758294,14.114913931200276,1352.7453415943594,2405.7995619917506,8.23911055215867,2423.225791499947,1373.4873088748604,10.328702200558013,1394.806981006008,12250.328886824893,1676.8513206335963,13880.648558956036,76.0,0.4200991690406131,0.2927413192770867,108.66,39.25529897796965,0.975,0.3375123961300766,0.6624876038699234,0.6459254137731754,0.7299900830959387,16,0,0,afternoon,92.2063576413406,91.78738102406449,1,2728.969696969697,52.23954150803486,832.0,1384.4782788054501,0.8402207149088927,1,721.9261500222785,0.0013832671566372068,832.0,1.1524724500170165,49676.8629835083,68.81155768240798,0.022173006252921602,0.0209678439235621,0.018783031778158363,0.0863566268971675,0.0015724619815294149,0.9436839835525697,0.1762540259706332,8.0,2077.0,3.0,low,31.927536847086596,0.34252479226015325,medium,0.0,0.6063401786851954,31.927536847086596,0.002319131890151333,10131.637853973038,39954.50923084483,91.23282221895677,0.06093493805353584,0.11289311943120595,0.5972292735835089,0.0,0.0,92.16316315783759,0.06093493805119929,0.11289311943120595,84.81632728585318,0.025027243048593398,0.05001667199015003,0.4189766172761178,0.0,0.0,85.67289710757052,0.025027243051842146,0.05001667199016424,90.83765622807202,0.06693011629671183,0.12617048217528293,0.5462229632862166,0.0,0.0,91.6532480089378,0.06693011629619708,0.12617048217528293,0,0,4.3938422002013136,-2.2474739582259975,-0.17374169596007355,-2.34742301174017,0.17472491026056863,1,3.554763601612721,,0.35407458622682464,medium,True
603,True,2023-12-11 16:09:03.847097,91.23484760459182,0.597229273583509,92.16518854347262,84.84710979527536,0.4189766172761178,85.70367961699267,90.8719461675062,0.5462229632862166,91.68753794837204,91.09493699363146,0.5736049430362924,92.11837649478414,111.0,0.0,111.0,83.0,0.0,83.0,111.0,0.0,111.0,111.0,0.0,111.0,11199.481752740576,81.32256621072791,11461.801424871725,436.8095633296346,39.00698803852923,510.5226780837331,11671.791244342458,34.47200698657037,11755.930588604751,1312.7442281085828,14.11491393120028,1350.7196379446484,2404.9779157521634,8.23911055215867,2422.40414526036,1372.5862315729096,10.328702200558014,1393.9059037040577,11936.271764634192,1676.851320633596,13566.59143676534,42.0,0.4442831375773529,0.3273222581972814,108.66,39.25529897796965,0.975,0.2130353921971691,0.786964607802831,0.7672904926077602,0.8295716862422647,16,0,0,afternoon,92.16518854347262,91.74621192619651,1,2728.969696969697,52.23954150803486,832.0,1383.5772015034997,0.840324706057993,1,721.8596569618085,0.0013833943980260527,832.0,1.1525786083532856,49617.54370955857,68.73572052724921,0.022175192805439774,0.021165284104668114,0.018783031778158363,0.0863566268971675,0.0015740487803250836,0.9437976493336249,0.20737422029168853,-34.0,2119.0,2.0,low,18.65989177824882,0.24232078439433824,low,0.0,0.6051170175695633,18.65989177824882,0.004937481317957315,10127.068084109693,39852.25394260752,91.22466263002673,0.057131553312715876,-0.04116909786797862,0.597229273583509,4.562530187486071e-09,1.1102230246251565e-16,92.15500356890755,0.05713155331022986,-0.04116909786797862,84.82621375364693,0.030869083012494317,0.006335726447574075,0.4189766172761178,0.0,0.0,85.68278357536424,0.030869083015095066,0.006335726447559864,90.85769191506971,0.06428168812106703,-0.04170386243291091,0.5462229632862166,0.0,0.0,91.6732836959355,0.06428168812054195,-0.041703862432839856,0,0,4.214755412166885,-2.238075219836558,-0.5284119261501107,-2.5281653585591304,2.2057037831429533,1,2.112917491582617,,0.23270950739223983,medium,True
604,True,2023-12-11 16:09:03.847097,91.25932734738346,0.597229273583509,92.18966828626424,84.79058480075484,0.4189766172761178,85.64715462247216,90.78853484666642,0.5462229632862166,91.6041266275322,91.12276642102078,0.5736049430362924,92.14620592217342,111.0,0.0,111.0,83.0,0.0,83.0,111.0,0.0,111.0,111.0,0.0,111.0,11199.329134622838,81.32256621072791,11461.648806753985,435.44855407869466,39.00698803852923,509.1616688327929,11665.288191579706,34.472006986570385,11749.427535842004,1312.5253698379895,14.114913931200276,1350.500779674055,2404.307679312936,8.23911055215867,2421.733908821133,1372.8597517295875,10.328702200558013,1394.1794238607347,12022.559137408442,1676.8513206335963,13652.878809539588,65.0,0.4508580305077798,0.3307339293198691,108.66,39.25529897796965,0.975,0.3001072538134725,0.6998927461865275,0.6823954275318643,0.759914196949222,16,0,0,afternoon,92.18966828626424,91.77069166898812,1,2728.969696969697,52.23954150803486,832.0,1383.8507216601768,0.8402931397591491,1,721.6844026714497,0.0013837298775280541,832.0,1.1528585012608532,49597.41628349265,68.72452284014179,0.02217998650036397,0.021597936810642038,0.018783031778158363,0.0863566268971675,0.001573679894611253,0.9437712559522089,0.18560736108991527,23.0,2184.0,2.0,low,29.305771983005688,0.31583950762694496,medium,0.5,0.6033780858550114,29.305771983005688,0.002855497818991038,10129.785335559563,39738.742139612405,91.25673055147836,0.02070703181468907,0.024479742791641,0.597229273583509,4.562530187486071e-09,0.0,92.18707149035917,0.020707031807761803,0.02447974279161258,84.82615622161933,0.03096820698926871,-0.05652499452051529,0.4189766172761178,0.0,0.0,85.68272604333664,0.03096820699186134,-0.05652499452051529,90.85804368137057,0.06370566389355502,-0.08341132083977243,0.5462229632862166,0.0,0.0,91.67363546223639,0.0637056638930251,-0.08341132083984348,0,0,4.509221045513092,-2.1524268789483934,-0.6020542135893313,-2.5653746138038382,0.4101149511125156,1,3.2569130013513465,,0.31760457246813567,medium,True
700,True,2023-12-11 16:10:03.681860,89.35660492670117,0.5110838209549522,90.09430959458986,84.2502316927694,0.4934834732262961,85.23383193400838,89.02172610931731,0.4710381552912349,89.60780669173279,89.28910031661599,0.4823253517936802,90.1393700719951,111.0,0.0,111.0,98.09102542027397,13.989563919533673,110.71397623994608,111.0,0.0,111.0,111.0,0.0,111.0,10322.385308199577,2034.38510753247,11467.762357379905,421.1303078725471,47.049662871455006,533.4417832823832,9802.61271170756,3058.802356675063,11303.44877728133,1310.0790524749273,13.250752484429096,1343.144626245419,2404.243747904653,7.186768465037555,2420.5060429866203,1371.0542182429456,10.63021591092889,1398.1361854560605,13082.915214682092,332.8834181388523,13582.611935993566,61.0,0.3736084957147232,0.3137510148558524,108.66,39.25529897796965,0.975,0.2754510619643404,0.7245489380356596,0.7064352145847681,0.7796391504285277,16,0,0,afternoon,90.1393700719951,89.66833191670386,0,2742.8630349554824,52.372349908663466,888.7945655797537,1387.5059695451316,0.8398712964533857,1,708.9509121389962,0.0014085480881870002,888.7945655797537,1.2536757469490665,53063.642735677175,74.84811959791294,0.022568306172455914,0.05572829724448658,0.018736293262547145,0.08170521717463153,0.0015786876912364872,0.9441279799816981,0.19185805629047475,-4.0,2245.0,2.0,low,22.790118238598115,0.2840271239286808,low,0.0,0.5940189935124335,22.790118238598115,0.0031452139859878816,9918.58314686383,37630.77454322722,90.61692662622549,1.0915392362030212,-1.902722420682295,0.5685141227073235,0.049736100264559616,-0.08614545262855677,91.48305547477558,1.202751493140278,-2.0953586916743774,84.62930876293319,0.32950468523882476,-0.5403531079854389,0.4438122359261772,0.04301655333930811,0.07450685595017831,85.52822205782441,0.2565110670163492,-0.4133226884637793,90.22740237449665,1.0449788535773517,-1.766808737349109,0.5211613606212228,0.04340796913487246,-0.07518480799498167,90.96649042254568,1.1773935078778415,-1.9963199357994057,0,0,-1.2449314449263744,-3.550813458734847,3.5824189996536497,0.9085428003986774,-2.4649085237224226,1,2.542622673431284,,0.2935647854152319,medium,True
701,True,2023-12-11 16:10:03.681860,89.4037702398798,0.5110838209549522,90.14147490776853,84.23532595171011,0.4934834732262961,85.21892619294906,89.04724627515387,0.4710381552912351,89.63332685756937,89.18481465357758,0.4823253517936802,90.03508440895666,111.0,0.0,111.0,98.43658105548404,13.989563919533673,111.05953187515615,111.0,0.0,111.0,111.0,0.0,111.0,10507.486143004404,2034.3851075324696,11652.863192184728,421.15467139145375,47.04966287145501,533.4661468012896,10026.849360310274,3058.802356675063,11527.685425884045,1311.6067349369855,13.250752484429094,1344.6723087074777,2405.8965910202933,7.186768465037556,2422.158886102261,1370.561144003968,10.630215910928891,1397.6431112170824,13054.870912241266,332.8834181388523,13554.567633552744,68.0,0.445571493411807,0.354434100330364,108.66,39.25529897796965,0.975,0.3106964366764759,0.689303563323524,0.6720709742404359,0.7514428506588193,16,0,0,afternoon,90.14147490776853,89.67043675247729,0,2746.6930817041907,52.40890269509743,889.4856768501738,1387.0128953061535,0.8399282009571304,1,708.8579002888312,0.0014087326485950416,889.4856768501738,1.2548152108242412,53122.34744278763,74.94075659762224,0.02257120068308303,0.055976058018631814,0.018723470236953456,0.0804229395317112,0.0015780988437124634,0.9440862103809613,0.18304408327181826,7.0,2313.0,2.0,low,30.298861552002876,0.32389287335295175,medium,0.0,0.5941313070302507,30.298861552002876,0.00269182471441167,9923.818496626658,37652.81547653361,90.00656750465481,1.085178123331329,0.04716531317863826,0.5397989718311379,0.049736100264559616,0.0,90.80848426287422,1.1963729023772427,0.04716531317866668,84.42538081507813,0.31636372839615456,-0.014905741059294542,0.46864785457623664,0.04301655333930809,0.0,85.36663758314319,0.2430491767003917,-0.014905741059322963,89.61916907704587,1.012780848499057,0.025520165836553588,0.49609975795622896,0.04340796913487226,2.220446049250313e-16,90.28175339227812,1.1452799001569067,0.02552016583658201,0,0,-1.2261461446051218,-2.7114683925379865,2.6304742008290387,0.9143205426210202,-3.1642601539521054,1,3.3094433045414684,,0.32792902575956406,medium,True
702,True,2023-12-11 16:10:03.681860,89.42292570913254,0.5110838209549522,90.16063037702123,84.12154579527545,0.4934834732262961,85.1051460365144,89.10560912866978,0.4710381552912349,89.69168971108525,89.16494239632081,0.4823253517936802,90.01521215169993,111.0,0.0,111.0,100.21865993421233,13.989563919533673,112.84161075388444,111.0,0.0,111.0,111.0,0.0,111.0,10424.6230615453,2034.3851075324696,11570.000110725628,427.1509728793179,47.049662871455006,539.4624482891539,10162.95131463338,3058.802356675063,11663.787380207152,1311.0222886104282,13.250752484429096,1344.08786238092,2404.228719590272,7.186768465037555,2420.4910146722395,1372.9175215016012,10.63021591092889,1399.999488714716,13089.08076737425,332.8834181388523,13588.777488685722,76.0,0.4200991690406131,0.2927413192770867,108.66,39.25529897796965,0.975,0.3375123961300766,0.6624876038699234,0.6459254137731754,0.7299900830959387,16,0,0,afternoon,90.16063037702123,89.68959222173,0,2767.0196567399557,52.602468162054485,893.0498346076304,1389.3692728037872,0.8396562571370355,1,708.7456321069856,0.00140895548315155,893.0498346076304,1.2600428036398554,53463.67873136753,75.4342266589982,0.022573688802469547,0.05618895625661424,0.018655857356730938,0.07361771901206748,0.001578301312601679,0.9441005776857845,0.17632386283543142,8.0,2389.0,3.0,low,31.927536847086596,0.34252479226015325,medium,0.0,0.6026858620726616,31.927536847086596,0.0023200507962550083,9925.944753713713,38197.08971437094,89.39443362523782,0.03413196193073282,0.01915546925273759,0.5110838209549522,0.0,0.0,90.13213829312654,0.03413196192999555,0.019155469252709167,84.20236781325166,0.07038958887072058,-0.11378015643465744,0.4934834732262961,0.0,0.0,85.18596805449062,0.07038958887264611,-0.11378015643465744,89.05819383771365,0.04299973347134077,0.05836285351591641,0.47103815529123505,0.0,-2.220446049250313e-16,89.64427442012914,0.0429997334697787,0.05836285351587378,0,0,-1.8429944319843956,-3.487393806857988,2.420128544324919,-2.1099451824334476,-3.235849565518332,1,3.554763601612721,,0.35407458622682464,medium,True
703,True,2023-12-11 16:10:03.681860,89.49973483220107,0.5110838209549522,90.2374395000898,84.19006128902153,0.4934834732262961,85.1736615302605,89.08708339055579,0.471038155291235,89.67316397297128,89.26064223350987,0.4823253517936802,90.11091198888896,111.0,0.0,111.0,97.5231973339475,13.989563919533676,110.14614815361966,111.0,0.0,111.0,111.0,0.0,111.0,10391.572998096886,2034.3851075324692,11536.950047277214,428.944722687579,47.04966287145501,541.256198097415,9916.773267404264,3058.8023566750635,11417.609332978036,1310.6129123742082,13.250752484429096,1343.6784861447002,2403.969861859657,7.186768465037555,2420.232156941625,1372.3410826890854,10.63021591092889,1399.4230499022,13106.732327440344,332.8834181388523,13606.42904875182,42.0,0.4442831375773529,0.3273222581972814,108.66,39.25529897796965,0.975,0.2130353921971691,0.786964607802831,0.7672904926077602,0.8295716862422647,16,0,0,afternoon,90.2374395000898,89.76640134479857,0,2736.647962044571,52.312980817810136,887.6589094071009,1388.7928339912712,0.8397227825443118,1,709.1906295387649,0.0014080726475502112,887.6589094071009,1.251650643964029,53154.22438121547,74.95054515995896,0.02255984382774553,0.055003396571256524,0.018757157912767324,0.08378598787161307,0.0015793403258865966,0.9441742196857702,0.2074652374673076,-34.0,2431.0,2.0,low,18.65989177824882,0.24232078439433824,low,0.0,0.604836984890387,18.65989177824882,0.004939648393515696,9934.470566374319,38390.43893821034,89.44214359373781,0.05078677053434818,0.0768091230685286,0.5110838209549522,0.0,0.0,90.17984826162653,0.050786770533813454,0.07680912306857124,84.18231101200236,0.05728464973207405,0.06851549374607657,0.4934834732262961,0.0,0.0,85.16591125324132,0.05728464973446122,0.068515493746105,89.07997959812649,0.029822869881573216,-0.018525738113993384,0.47103815529123505,0.0,1.1102230246251565e-16,89.66606018054198,0.02982286987933606,-0.018525738113964962,0,0,-1.7020654215115725,-3.3799470823725213,2.4153649316196764,-2.465159784354663,-1.4752215406138467,1,2.112917491582617,,0.23270950739223983,medium,True
704,True,2023-12-11 16:10:03.681860,89.49562472763506,0.5110838209549522,90.2333293955238,84.13439910318422,0.4934834732262961,85.11799934442315,89.07742127514223,0.4710381552912349,89.6635018575577,89.32672843687136,0.4823253517936802,90.17699819225044,111.0,0.0,111.0,97.87547305921017,13.989563919533673,110.4984238788823,111.0,0.0,111.0,111.0,0.0,111.0,10426.971275107986,2034.3851075324696,11572.348324288314,424.1881022936655,47.04966287145501,536.4995777035015,9835.15031158031,3058.802356675064,11335.986377154084,1309.333930188646,13.250752484429096,1342.399503959138,2404.1607434164525,7.186768465037555,2420.4230384984203,1371.0894790160487,10.630215910928891,1398.1714462291632,13036.288767047765,332.8834181388523,13535.985488359238,65.0,0.4508580305077798,0.3307339293198691,108.66,39.25529897796965,0.975,0.3001072538134725,0.6998927461865275,0.6823954275318643,0.759914196949222,16,0,0,afternoon,90.2333293955238,89.76229124023256,0,2740.492235396526,52.34971093899685,888.3634608576261,1387.5412303182343,0.8398672270929599,1,709.183933133854,0.0014080859244270203,888.3634608576261,1.2526559304288374,53076.53077480187,74.8416993394326,0.022559454896660187,0.05497006022870998,0.018744244015557233,0.08249894724367579,0.0015798297907485643,0.9442088610567264,0.18569406872237337,23.0,2496.0,2.0,low,29.305771983005688,0.31583950762694496,medium,0.5,0.5981355215156392,29.305771983005688,0.0028568317825467936,9934.014344767491,37962.97921680156,89.4727617563229,0.04320818139532939,-0.004110104566009909,0.5110838209549522,0.0,0.0,90.21046642421162,0.04320818139467536,-0.004110104566009909,84.1486687291604,0.03641853772308146,-0.05566218583730631,0.4934834732262961,0.0,0.0,85.13226897039935,0.03641853772693503,-0.05566218583734894,89.09003793145592,0.01432430646679299,-0.009662115413561878,0.471038155291235,0.0,-1.1102230246251565e-16,89.67611851387142,0.01432430646219363,-0.009662115413576089,0,0,-1.4082126529456274,-3.227102658282897,2.1451388952827544,-2.494579050242969,-3.2317319716339283,1,3.2569130013513465,,0.31760457246813567,medium,True
800,True,2023-12-11 16:11:03.473878,88.4147341517289,0.2506116329054126,88.62163464969157,85.85269913828056,0.2872495696618812,86.1113198279357,88.1302490234375,0.0,88.1302490234375,88.28387676069903,0.1069717611976174,88.4558696216904,111.0,0.0,111.0,111.0,0.0,111.0,111.0,0.0,111.0,111.0,0.0,111.0,11226.89056540992,39.87505115273833,11341.23539299613,432.5396319456069,30.42073605726873,475.2637698766415,6458.0519777573545,19.012246506959123,6492.4657708608,1313.0496527682249,14.710841818029108,1335.9117217337423,7653.476547967264,3695.284960048493,12202.16620313968,1365.3278734321923,12.001744536573936,1388.879597570124,13184.157991013,75.15912511910946,13280.744197909553,61.0,0.3736084957147232,0.3137510148558524,108.66,39.25529897796965,0.975,0.2754510619643404,0.7245489380356596,0.7064352145847681,0.7796391504285277,16,0,0,afternoon,88.62163464969157,88.62163464969157,0,2986.909090909091,54.65262199482373,888.0,1376.87785303355,0.8410978616397682,1,702.6454651606662,0.0014211702476781627,888.0,1.2637952463454036,52359.97912896021,74.51834765982484,0.02265782916873954,0.06334695035227844,0.017968605326322457,0.0,0.001576123254466855,0.9439457305975962,0.19168787394629713,-4.0,2557.0,2.0,low,22.790118238598115,0.2840271239286808,low,0.0,0.6155873093568114,22.790118238598115,0.0031424241115389022,9814.035490841907,38242.8765685575,89.13669790385501,0.6252423272442728,-1.0808905759061673,0.4242597582717724,0.15038368788681256,-0.2604721880495396,89.69746784843505,0.9317011467626203,-1.6116947458322244,84.72571984349544,0.9763894294229167,1.718300035096334,0.4247388387048245,0.11906919973894227,-0.2062339035644149,85.46766023420646,0.5581199012604825,0.993320483512548,88.7649178963785,0.5496605978500783,-0.9471722517047283,0.31402543686082335,0.271954005755979,-0.4710381552912349,89.1556382846555,0.8880262900863172,-1.533252834120205,0,0,-6.755801091037292,-4.356312540865076,-5.050021870098643,3.44473515823273,-0.6052778107616957,0,2.542622673431284,,0.2935647854152319,medium,True
801,True,2023-12-11 16:11:03.473878,88.43861208692023,0.2506116329054125,88.64551258488292,85.89528239535129,0.2872495696618812,86.1539030850065,88.1302490234375,0.0,88.1302490234375,88.26356908609465,0.1069717611976174,88.435561947086,111.0,0.0,111.0,111.0,0.0,111.0,111.0,0.0,111.0,111.0,0.0,111.0,11219.078304193628,39.87505115273832,11333.423131779837,426.2197133041984,30.42073605726873,468.9438512352327,6457.657560835452,19.01224650695912,6492.071353938902,1311.7726511253952,14.710841818029106,1334.634720090912,8472.771549698036,3695.284960048493,13021.46120487045,1366.1427769501038,12.001744536573934,1389.6945010880345,13185.631768975563,75.15912511910946,13282.217975872118,68.0,0.445571493411807,0.354434100330364,108.66,39.25529897796965,0.975,0.3106964366764759,0.689303563323524,0.6720709742404359,0.7514428506588193,16,0,0,afternoon,88.64551258488292,88.64551258488292,0,2986.909090909091,54.65262199482373,888.0,1377.6927565514607,0.8410038155983797,1,702.7377721959815,0.0014209838373170532,888.0,1.2636292424718603,52248.45263102503,74.34985655232998,0.022655061574268814,0.06311278293954159,0.017968605326322457,0.0,0.0015747750382137046,0.9438495580921238,0.18287550131558225,7.0,2625.0,2.0,low,30.298861552002876,0.32389287335295175,medium,0.0,0.606513168298601,30.298861552002876,0.0026893455680328925,9816.685941648146,37694.279888708355,88.78299032209473,0.6172749678360985,0.02387793519133652,0.3374356955885925,0.15038368788681258,-1.1102230246251565e-16,89.1668255433661,0.9236965892259265,0.02387793519135073,85.29412687893868,1.0045793740854996,0.042583257070731406,0.3559942041833528,0.11906919973894228,0.0,85.79440741912178,0.5861733925076881,0.04258325707080246,88.44597310733907,0.5468501544908361,0.0,0.1570127184304117,0.27195400575597883,0.0,88.64133330147757,0.8852239365150347,0.0,0,0,-6.6017740290727485,-3.3807095405321657,-6.1042409543887235,2.852728651504053,-2.579131707739604,0,3.3094433045414684,,0.32792902575956406,medium,True
802,True,2023-12-11 16:11:03.473878,88.4774782898228,0.2506116329054125,88.68437878778546,85.90874874987436,0.2872495696618812,86.16736943952955,88.1302490234375,0.0,88.1302490234375,88.24941811243909,0.1069717611976174,88.42141097343051,111.0,0.0,111.0,111.0,0.0,111.0,111.0,0.0,111.0,111.0,0.0,111.0,11222.07142294496,39.87505115273833,11336.416250531169,428.9837055975392,30.420736057268734,471.7078435285737,6458.12369935776,19.012246506959123,6492.537492461208,1313.601351394915,14.710841818029106,1336.4634203604326,8353.325921513315,3695.284960048493,12902.015576685732,1366.7444775050792,12.001744536573934,1390.29620164301,13196.664587027644,75.15912511910946,13293.250793924191,76.0,0.4200991690406131,0.2927413192770867,108.66,39.25529897796965,0.975,0.3375123961300766,0.6624876038699234,0.6459254137731754,0.7299900830959387,16,0,0,afternoon,88.68437878778546,88.68437878778546,0,2986.909090909091,54.65262199482373,888.0,1378.294457106436,0.8409343747945877,1,702.8141353635217,0.0014208296619156386,888.0,1.26349194481867,52333.8715400739,74.46331659015588,0.02265265145605574,0.06290879129412852,0.017968605326322457,0.0,0.0015739727535634166,0.9437922112184355,0.17617070835146628,8.0,2701.0,3.0,low,31.927536847086596,0.34252479226015325,medium,0.0,0.6103800185596335,31.927536847086596,0.0023180356057030354,9821.00009017033,37955.39649869401,88.4436081761573,0.0316690289869503,0.03886620290256815,0.2506116329054126,3.2261960349397313e-09,0.0,88.65050867411998,0.03166902898761345,0.038866202902539726,85.88557676116875,0.029258148286868027,0.013466354523075097,0.2872495696618812,0.0,0.0,86.14419745082392,0.02925814828781935,0.013466354523046675,88.1302490234375,0.0,0.0,0.0,0.0,0.0,88.1302490234375,0.0,0.0,0,0,-7.117540066653719,-4.377627944712921,-6.296357044750832,-1.1911172644357084,-1.5451044086237031,0,3.554763601612721,,0.35407458622682464,medium,True
803,True,2023-12-11 16:11:03.473878,88.4304657776067,0.2506116329054126,88.63736627556935,85.90130428370098,0.2872495696618812,86.15992497335613,88.1302490234375,0.0,88.1302490234375,88.26447642977668,0.1069717611976174,88.43646929076807,111.0,0.0,111.0,111.0,0.0,111.0,111.0,0.0,111.0,111.0,0.0,111.0,11215.481095869229,39.87505115273832,11329.82592345544,426.4927533691085,30.42073605726873,469.2168913001432,6455.821017640096,19.01224650695912,6490.2348107435455,1310.688809052912,14.710841818029106,1333.550878018429,8886.589313907678,3695.284960048493,13435.27896908009,1365.3805065940298,12.001744536573934,1388.932230731961,13200.465976126306,75.15912511910946,13297.052183022864,42.0,0.4442831375773529,0.3273222581972814,108.66,39.25529897796965,0.975,0.2130353921971691,0.786964607802831,0.7672904926077602,0.8295716862422647,16,0,0,afternoon,88.63736627556935,88.63736627556935,0,2986.909090909091,54.65262199482373,888.0,1376.9304861953872,0.8410917873740327,1,702.7353380414179,0.0014209887523669383,888.0,1.263633619466607,52222.58432993396,74.31330321479116,0.02265517356460829,0.06312226017149636,0.017968605326322457,0.0,0.001575999738008988,0.94393693005465,0.2072910966079427,-34.0,2743.0,2.0,low,18.65989177824882,0.24232078439433824,low,0.0,0.6069038081262224,18.65989177824882,0.004935502182677156,9815.781701314343,37714.95283120421,88.44885205144992,0.025123429927756957,-0.04701251221609937,0.2506116329054126,3.2261960349397313e-09,1.1102230246251565e-16,88.65575254941258,0.025123429928598274,-0.04701251221611358,85.90177847630888,0.006745688998610377,-0.007444466173382125,0.2872495696618812,0.0,0.0,86.16039916596407,0.006745689002446432,-0.0074444661734247575,88.1302490234375,0.0,0.0,0.0,0.0,0.0,88.1302490234375,0.0,0.0,0,0,-7.265431474616951,-4.197690840277334,-6.5315154839951015,-1.5622816476153125,-0.0647128332885772,0,2.112917491582617,,0.23270950739223983,medium,True
804,True,2023-12-11 16:11:03.473878,88.430267515929,0.2506116329054126,88.63716801389168,85.86690617572533,0.2872495696618813,86.12552686538054,88.1302490234375,0.0,88.1302490234375,88.25625446063016,0.1069717611976174,88.4282473216215,111.0,0.0,111.0,111.0,0.0,111.0,111.0,0.0,111.0,111.0,0.0,111.0,11222.86218884666,39.87505115273832,11337.207016432862,423.5833814114472,30.42073605726873,466.30751934248167,6460.75207479685,19.012246506959123,6495.165867900298,1313.6440456376586,14.710841818029106,1336.5061146031765,8041.128431261976,3695.284960048493,12589.81808643439,1365.1637315925348,12.001744536573932,1388.7154557304657,13191.334705684018,75.15912511910946,13287.92091258057,65.0,0.4508580305077798,0.3307339293198691,108.66,39.25529897796965,0.975,0.3001072538134725,0.6998927461865275,0.6823954275318643,0.759914196949222,16,0,0,afternoon,88.63716801389168,88.63716801389168,0,2986.909090909091,54.65262199482373,888.0,1376.7137111938919,0.8411168048519482,1,702.6497013638182,0.0014211616917647997,888.0,1.26378762705319,52219.77380377701,74.3183603837046,0.022657759629749075,0.0633410676860634,0.017968605326322457,0.0,0.0015736185761718723,0.9437668668827721,0.18552318242969273,23.0,2808.0,2.0,low,29.305771983005688,0.31583950762694496,medium,0.5,0.6028372032129946,29.305771983005688,0.0028542027626998457,9815.75969426812,37457.59173351606,88.44607052778618,0.027200100440557557,-0.00019826167769565473,0.25061163290541266,3.2261960349397313e-09,0.0,88.65297102574884,0.02720010044133416,-0.00019826167766723302,85.89231973643355,0.02232133105602486,-0.03439810797564746,0.28724956966188125,3.4846899907793303e-09,1.1102230246251565e-16,86.15094042608875,0.0223213310572048,-0.03439810797559062,88.1302490234375,0.0,0.0,0.0,0.0,0.0,88.1302490234375,0.0,0.0,0,0,-6.993311089689427,-4.152859330082164,-6.558858876973431,-1.4429781179387613,-1.4686844524442813,0,3.2569130013513465,,0.31760457246813567,medium,True
